-- MySQL dump 10.13  Distrib 8.0.33, for macos13 (arm64)
--
-- Host: 127.0.0.1    Database: circus2
-- ------------------------------------------------------
-- Server version	8.0.33

/*!40101 SET @OLD_CHARACTER_SET_CLIENT=@@CHARACTER_SET_CLIENT */;
/*!40101 SET @OLD_CHARACTER_SET_RESULTS=@@CHARACTER_SET_RESULTS */;
/*!40101 SET @OLD_COLLATION_CONNECTION=@@COLLATION_CONNECTION */;
/*!50503 SET NAMES utf8 */;
/*!40103 SET @OLD_TIME_ZONE=@@TIME_ZONE */;
/*!40103 SET TIME_ZONE='+00:00' */;
/*!40014 SET @OLD_UNIQUE_CHECKS=@@UNIQUE_CHECKS, UNIQUE_CHECKS=0 */;
/*!40014 SET @OLD_FOREIGN_KEY_CHECKS=@@FOREIGN_KEY_CHECKS, FOREIGN_KEY_CHECKS=0 */;
/*!40101 SET @OLD_SQL_MODE=@@SQL_MODE, SQL_MODE='NO_AUTO_VALUE_ON_ZERO' */;
/*!40111 SET @OLD_SQL_NOTES=@@SQL_NOTES, SQL_NOTES=0 */;

--
-- Table structure for table `area`
--

DROP TABLE IF EXISTS `area`;
/*!40101 SET @saved_cs_client     = @@character_set_client */;
/*!50503 SET character_set_client = utf8mb4 */;
CREATE TABLE `area` (
  `idarea` int NOT NULL AUTO_INCREMENT,
  `name1` varchar(256) NOT NULL,
  `address` varchar(256) NOT NULL,
  `Contactnformation` varchar(256) NOT NULL,
  `IDcity` int NOT NULL,
  PRIMARY KEY (`idarea`),
  KEY `город_idx` (`IDcity`),
  CONSTRAINT `город` FOREIGN KEY (`IDcity`) REFERENCES `City` (`idcity`)
) ENGINE=InnoDB AUTO_INCREMENT=41 DEFAULT CHARSET=utf8mb4 COLLATE=utf8mb4_0900_ai_ci;
/*!40101 SET character_set_client = @saved_cs_client */;

--
-- Dumping data for table `area`
--

LOCK TABLES `area` WRITE;
/*!40000 ALTER TABLE `area` DISABLE KEYS */;
INSERT INTO `area` VALUES (1,'Репетиционная студия \"Танцевальный мир\"','ул. Ленина, д. 15','Иванова Ольга Александровна, тел. 8-999-123-45-67',3),(2,'Студия \"Музыкальные гармонии\"',' ул. Садовая, д. 8','Петров Сергей Владимирович, тел. 8-999-234-56-78',21),(3,'Театральная площадка \"Драматический круг\"','пер. Школьный, д. 3','Сидорова Екатерина Ивановна, тел. 8-999-345-67-89',23),(4,'Студия \"Хоровое искусство\"','ул. Солнечная, д. 12','Козлов Дмитрий Алексеевич, тел. 8-999-456-78-90',7),(5,'Тренировочный зал \"Бодибилдинг и фитнес\"','ул. Центральная, д. 7','Николаева Анна Викторовна, тел. 8-999-567-89-01',11),(6,'Репетиционная площадка \"Цирковое искусство\"','ул. Молодежная, д. 4','Григорьева Мария Васильевна, тел. 8-999-678-90-12',20),(7,'Студия \"Балет и классический танец\"','ул. Парковая, д. 9','Кузнецов Алексей Игоревич, тел. 8-999-789-01-23',29),(8,'Театральная студия \"Комедийный дом\"','ул. Советская, д. 11','Федорова Елена Дмитриевна, тел. 8-999-890-12-34',13),(9,'Репетиционная база \"Шоу-бизнес и эстрада\"','ул. Кирова, д. 14','Лебедева Наталья Алексеевна, тел. 8-999-901-23-45',16),(10,'Студия \"Модерн и современный танец\"',' ул. Гагарина, д. 6','Гусев Андрей Владимирович, тел. 8-999-012-34-56',5),(11,'Театральная площадка \"Театр драмы и мюзикла\"','ул. Набережная, д. 2','Смирнова Ольга Петровна, тел. 8-999-123-45-67',20),(12,'Репетиционный зал \"Живопись и изобразительное искусство\"','ул. Октябрьская, д. 18','Крылова Ирина Андреевна, тел. 8-999-234-56-78',24),(13,'Студия \"Экспериментальное творчество\"','ул. Заводская, д. 5','Максимов Денис Викторович, тел. 8-999-345-67-89',9),(14,'Театральная база \"Импровизация и театральные игры\"','ул. Победы, д. 3','Воронина Екатерина Сергеевна, тел. 8-999-456-78-90',18),(15,'Репетиционный комплекс \"Кино и телевидение\"','ул. Лесная, д. 11','Попов Андрей Васильевич, тел. 8-999-567-89-01',26),(16,'Студия \"Хип-хоп и стрит-дэнс\"','ул. Комсомольская, д. 7','Соколова Ольга Анатольевна, тел. 8-999-678-90-12',17),(17,'Театральная площадка \"Театральные эксперименты\"','ул. Железнодорожная, д. 10','Жуков Иван Иванович, тел. 8-999-789-01-23',13),(18,'Репетиционный зал \"Цирковая акробатика и гимнастика\"','ул. Ленинградская, д. 13','Белова Алина Викторовна, тел. 8-999-890-12-34',27),(19,'Студия \"Театр кукол и марионеток\"','ул. Строителей, д. 16','Комаров Даниил Сергеевич, тел. 8-999-901-23-45',27),(20,'Тренировочный центр \"Боевые искусства и акробатика\".','ул. Мира, д. 8','Герасимов Степан Александрович, тел. 8-999-012-34-56',7),(21,'Репетиционный комплекс \"Музыкальный театр\"','ул. Ленина, д. 1','Андреева Юлия Дмитриевна, тел. 8-999-123-45-67',21),(22,'Студия \"Фламенко и народные танцы\"','ул. Садовая, д. 5','Тимофеев Александр Николаевич, тел. 8-999-234-56-78',19),(23,'Театральная площадка \"Театр абсурда\"','пр. Победы, д. 10','Богданова Оксана Сергеевна, тел. 8-999-345-67-89',20),(24,'Репетиционная база \"Шоу-программы и кабаре\"','ул. Молодежная, д. 3','Куликов Артем Владимирович, тел. 8-999-456-78-90',10),(25,'Студия \"Актерское мастерство и импровизация\"','ул. Зеленая, д. 7','Полякова Анастасия Ивановна, тел. 8-999-567-89-01',16),(26,'Тренировочный зал \"Йога и танцевальные направления\"','ул. Центральная, д. 15','Лазарев Алексей Васильевич, тел. 8-999-678-90-12',12),(27,'Репетиционный комплекс \"Опера и оперетта\"','ул. Солнечная, д. 12','Романова Елена Игоревна, тел. 8-999-789-01-23',27),(28,'Студия \"Клубные танцы и электронная музыка\"','ул. Речная, д. 20','Гаврилов Илья Дмитриевич, тел. 8-999-890-12-34',14),(29,'Театральная площадка \"Театр анимации\"','ул. Парковая, д. 4','Филиппова Марина Александровна, тел. 8-999-901-23-45',29),(30,'Репетиционный зал \"Жонглерские трюки и цирковые акты\"','ул. Советская, д. 8','Шестаков Андрей Викторович, тел. 8-999-012-34-56',17),(31,'Студия \"Модерн-джаз и хип-хоп танцы\"','ул. Лесная, д. 6','Морозова Екатерина Сергеевна, тел. 8-999-234-56-78',22),(32,'Театральная площадка \"Драма и трагедия\"','ул. Комсомольская, д. 2','Иванов Дмитрий Александрович, тел. 8-999-345-67-89',21),(33,'Репетиционный комплекс \"Балет и современный танец\"','ул. Железнодорожная, д. 14','Соколова Анастасия Петровна, тел. 8-999-456-78-90',11),(34,'Студия \"Вокальное искусство и музыкальный театр\"','пр-т Мира, д. 9','Козлов Максим Игоревич, тел. 8-999-567-89-01',22),(35,'Тренировочный зал \"Фитнес и физические тренировки\"','ул. Набережная, д. 3','Лебедева Ольга Владимировна, тел. 8-999-678-90-12',13),(36,'Репетиционная база \"Комедийные шоу и сатира\"','ул. Строителей, д. 18','Григорьев Денис Сергеевич, тел. 8-999-789-01-23',24),(37,'Студия \"Хореография и танцевальный спорт\"','ул. Кирова, д. 7','Кузнецова Алена Александровна, тел. 8-999-890-12-34',29),(38,'Театральная площадка \"Мюзиклы и оперные постановки\"','ул. Лунная, д. 22','Никитин Артемий Олегович, тел. 8-999-901-23-45',28),(39,'Репетиционный комплекс \"Театр кукол и марионеток\"','ул. Гагарина, д. 5','Петрова Юлия Андреевна, тел. 8-999-012-34-56',8),(40,'Студия \"Цирковое искусство и акробатика\".','ул. Мичурина, д. 11','Смирнов Иван Владимирович, тел. 8-999-123-45-67',23);
/*!40000 ALTER TABLE `area` ENABLE KEYS */;
UNLOCK TABLES;

--
-- Table structure for table `Artists`
--

DROP TABLE IF EXISTS `Artists`;
/*!40101 SET @saved_cs_client     = @@character_set_client */;
/*!50503 SET character_set_client = utf8mb4 */;
CREATE TABLE `Artists` (
  `IDemployee` int NOT NULL,
  `Lastname` varchar(45) NOT NULL,
  `Name2` varchar(45) NOT NULL,
  `Middlename` varchar(45) NOT NULL,
  `gender` varchar(45) NOT NULL,
  `Birthday` datetime NOT NULL,
  `phone` varchar(45) NOT NULL,
  `login` varchar(45) NOT NULL,
  `secret` varchar(45) NOT NULL,
  `IDspecialization` int NOT NULL,
  PRIMARY KEY (`IDemployee`),
  KEY `артисты_idx` (`IDspecialization`),
  CONSTRAINT `артисты` FOREIGN KEY (`IDspecialization`) REFERENCES `specialization` (`idspecialization`) ON DELETE CASCADE ON UPDATE CASCADE
) ENGINE=InnoDB DEFAULT CHARSET=utf8mb4 COLLATE=utf8mb4_0900_ai_ci;
/*!40101 SET character_set_client = @saved_cs_client */;

--
-- Dumping data for table `Artists`
--

LOCK TABLES `Artists` WRITE;
/*!40000 ALTER TABLE `Artists` DISABLE KEYS */;
INSERT INTO `Artists` VALUES (44,'Лаврентьев ','Ярослав','Борисович','м','1989-12-12 00:00:00','7 (927) 935-21-71','79279352171','3829624059',4),(45,'Федорова','Ульяна','Георгиевна','ж','1973-06-10 00:00:00','7 (930) 180-04-07','79301800407','8532967333',11),(46,'Мухина ','Анастасия',' Николаевна','ж','1978-03-25 00:00:00','7 (983) 694-34-08','79836943408','9463134073',7),(47,'Павлов','Марк','Григорьевич','м','1977-03-16 00:00:00','7 (923) 041-55-63','79230415563','5842545099',10),(48,'Мещеряков','Платон','Денисович','м','1990-02-22 00:00:00','7 (997) 415-48-59','79974154859','4656775422',5),(49,'Кудрявцева','Екатерина','Матвеевна','ж','1987-08-27 00:00:00','7 (937) 425-55-78','79374255578','4160861456',4),(50,'Попов','Демид','Матвеевич','м','1996-09-03 00:00:00','7 (931) 320-97-46','79313209746','5573528852',7),(51,'Воронина','Алиса','Максимовна','ж','1981-08-31 00:00:00','7 (953) 836-87-70','79538368770','7961644987',1),(52,'Сорокина','Сафия','Сергеевна','ж','1991-10-03 00:00:00','7 (950) 502-83-17','79505028317','9125959991',12),(53,'Меркулова','Юлия','Фёдоровна','ж','1974-12-10 00:00:00','7 (982) 657-34-04','79826573404','1206598892',7),(54,'Щербаков','Артём',' Маркович','м','1997-04-05 00:00:00','7 (983) 658-51-44','79836585144','2098849158',6),(55,'Агапова','Полина','Александровна','ж','1978-12-25 00:00:00','7 (934) 155-68-25','79341556825','1048782340',6),(56,'Чернова','Аиша','Михайловна','ж','1984-04-08 00:00:00','7 (984) 867-53-47','79848675347','3587192902',4),(57,'Федорова ','Людмила','Максимовна','ж','1977-05-05 00:00:00','7 (928) 208-38-86','79282083886','1495455845',10),(58,'Иванова','Дарья',' Макаровна','ж','2000-12-04 00:00:00','7 (911) 883-74-61','79118837461','6234357835',1),(59,'Киселева','Алия',' Ярославовна','ж','1999-02-17 00:00:00','7 (981) 994-75-09','79819947509','5859966370',6),(60,'Сорокин','Иван','Игоревич','м','1980-07-19 00:00:00','7 (965) 855-35-67','79658553567','2677707846',1),(61,'Кузьмин','Никита','Владиславович','м','1988-07-04 00:00:00','7 (960) 120-02-16','79601200216','9137950001',10),(62,'Кузнецова ','София','Матвеевна','ж','1971-03-08 00:00:00','7 (991) 648-83-07','79916488307','3684967574',7),(63,'Крюков ','Егор',' Артёмович','м','1992-01-12 00:00:00','7 (900) 080-16-93','79000801693','1138189418',6),(64,'Морозова','Анна','Максимовна','ж','1997-12-09 00:00:00','7 (968) 220-45-37','79682204537','8251561457',3),(65,'Николаев ','Тимур','Сергеевич','м','1976-04-07 00:00:00','7 (984) 205-69-58','79842056958','3472041996',9),(66,'Филатов','Кирилл','Алексеевич','м','1987-09-12 00:00:00','7 (928) 771-76-91','79287717691','7785112508',3),(67,'Давыдов ','Лев',' Андреевич','м','1971-01-12 00:00:00','7 (954) 420-96-76','79544209676','6538996716',4),(68,'Бондарев','Сергей','Максимович','м','2000-09-03 00:00:00','7 (983) 099-01-56','79830990156','4726567646',9),(69,'Матвеева','Ксения',' Лукинична','ж','1986-01-17 00:00:00','7 (939) 877-35-14','79398773514','9198045774',2),(70,'Авдеева','Кира','Алексеевна','ж','2000-03-14 00:00:00','7 (917) 553-40-06','79175534006','9301683557',2),(71,'Черных ','Милана',' Максимовна','ж','1984-07-17 00:00:00','7 (918) 389-97-64','79183899764','1142275772',8),(72,'Лобанова','Василиса',' Матвеевна','ж','1971-04-04 00:00:00','7 (921) 304-45-92','79213044592','9708314621',10),(73,'Булатова ','Ева','Евгеньевна','ж','1989-08-25 00:00:00','7 (963) 308-70-36','79633087036','9990519407',6),(74,'Муравьева ','Элина','Анатольевна','ж','1987-12-20 00:00:00','7 (983) 532-53-12','79835325312','2014443813',10),(75,'Кузнецов ','Илья','Маркович','м','1971-06-20 00:00:00','7 (941) 325-03-70','79413250370','5745756787',5),(76,'Дубровина','Варвара','Михайловна','ж','1986-01-28 00:00:00','7 (991) 244-54-23','79912445423','7705030102',9),(77,'Корнеев','Леонид','Демидович','м','1987-12-14 00:00:00','7 (901) 559-11-01','79015591101','9078581710',3),(78,'Михайлов ','Савелий',' Макарович','м','1978-02-03 00:00:00','7 (910) 537-51-09','79105375109','3921874940',2),(79,'Харитонова ','Вероника','Данииловна','ж','1994-04-01 00:00:00','7 (969) 332-53-83','79693325383','1326456513',3),(80,'Новиков','Святослав','Ильич','м','1987-01-09 00:00:00','7 (950) 235-41-43','79502354143','2919711650',5),(81,'Игнатов','Николай','Александрович','м','1988-10-28 00:00:00','7 (952) 949-78-40','79529497840','3669343327',10),(82,'Кузьмина','Валерия','Максимовна','ж','1975-01-29 00:00:00','7 (997) 532-03-45','79975320345','2797802839',6),(83,'Зайцева ','Нина',' Александровна','ж','1975-08-19 00:00:00','7 (980) 395-47-88','79803954788','2052492244',7),(84,'Полякова','Мария','Михайловна','ж','1992-10-01 00:00:00','7 (985) 221-35-06','79852213506','7996032235',12),(85,'Бычкова','Елизавета','Фёдоровна','ж','1978-08-25 00:00:00','7 (991) 813-93-03','79918139303','4929811758',6),(86,'Беляева ','Маргарита',' Артёмовна','ж','1997-09-11 00:00:00','7 (982) 083-55-17','79820835517','9220845173',2),(87,'Захарова','Диана','Данииловна','ж','1974-03-26 00:00:00','7 (918) 443-54-24','79184435424','8848577139',5),(88,'Соколова','Марта',' Даниловна','ж','1991-04-12 00:00:00','7 (995) 599-63-25','79955996325','7466586293',11),(89,'Смирнова','Софья','Никитична','ж','1989-07-23 00:00:00','7 (925) 157-69-09','79251576909','5250832123',1),(90,'Третьяков','Константин','Артёмович','м','1979-09-01 00:00:00','7 (941) 609-32-60','79416093260','8027052955',6),(91,'Молчанов','Елисей',' Маркович','м','1996-11-19 00:00:00','7 (938) 006-79-44','79380067944','5560963601',12),(92,'Золотарев','Тимофей','Сергеевич','м','1974-07-23 00:00:00','7 (969) 031-34-96','79690313496','9894803540',11),(93,'Ларионов','Даниил','Ибрагимович','м','2000-11-05 00:00:00','7 (930) 301-44-84','79303014484','3443501873',9),(94,'Кузнецов','Александр','Михайлович','м','1997-09-25 00:00:00','7 (936) 425-77-50','79364257750','5644663761',10),(95,'Никитин','Владислав','Даниилович','м','1981-12-21 00:00:00','7 (927) 194-56-42','79271945642','7455409179',11),(96,'Коршунова','Александра',' Константиновна','ж','1984-11-19 00:00:00','7 (910) 112-60-16','79101126016','8248045443',8),(97,'Селезнев','Мирон','Ильч','м','1971-10-04 00:00:00','7 (902) 170-91-12','79021709112','7981431443',6),(98,'Львов ','Василий','Александрович','м','1973-06-13 00:00:00','7 (978) 789-54-38','79787895438','7370334401',4),(99,'Морозова','Серафима','Александровна','ж','1971-05-25 00:00:00','7 (927) 526-81-31','79275278131','7013358665',12),(100,'Семенов','Семён','Ильич','м','1995-12-10 00:00:00','7 (997) 562-86-54','79975628654','9726775365',7),(101,'Дорофеев','Владимир','Матвеевич','м','1970-02-10 00:00:00','7 (962) 782-90-97','79627829097','7806819053',1),(102,'Максимов','Макар','Евгеньевич','м','1972-02-25 00:00:00','7 (981) 596-20-48','79815962048','8037519299',12),(103,'Тимофеев','Давид','Артёмович','м','1982-12-11 00:00:00','7 (994) 348-99-50','79943489950','5298896458',11),(104,'Пугачев','Георгий','Кириллович','м','1978-06-18 00:00:00','7 (904) 452-24-97','79044522497','7634588880',12),(105,'Сомова','Елена','Давидовна','ж','1983-02-07 00:00:00','7 (968) 983-50-90','79689835090','6922923836',7),(106,'Грачева','Амина','Владимировна','ж','1973-09-07 00:00:00','7 (956) 999-48-88','79569994888','6225019053',1),(107,'Соловьев ','Роман','Алексеевич','м','1973-05-16 00:00:00','7 (902) 862-50-06','79028625006','8331634477',1),(108,'Калашников','Олег','Фёдорович','м','1977-03-27 00:00:00','7 (981) 392-38-73','79813923873','1849684680',5),(109,'Белова','Кристина','Яновна','ж','1973-06-12 00:00:00','7 (983) 809-01-62','79838090162','4721426533',4),(110,'Глебов ','Денис','Михайлович','м','1997-07-07 00:00:00','7 (996) 717-48-64','79967174864','2316416822',7),(111,'Крылов','Эмиль','Александрович','м','1987-11-11 00:00:00','7 (911) 941-76-77','79119417677','9881277889',10),(112,'Ильина','Вера','Артёмовна','ж','1975-11-08 00:00:00','7 (964) 326-30-05','79643263005','6181347043',1),(113,'Миронов ','Андрей','Борисов','м','1982-01-25 00:00:00','7 (927) 794-45-72','79277944572','6015620983',4),(114,'Левин','Алексей','Львович','м','1986-12-06 00:00:00','7 (954) 820-55-24','79548205524','5498892307',11),(115,'Самсонов','Тигран','Александрович','м','1970-04-06 00:00:00','7 (915) 942-85-25','79159428525','6389375989',11),(116,'Кузнецова ','Ольга','Глебовна','ж','1986-06-24 00:00:00','7 (963) 311-27-21','79633112721','7374403276',12),(117,'Климова ','Дарина','Николаевна','ж','1973-07-16 00:00:00','7 (913) 158-61-88','79131586188','4466037620',4),(118,'Ушакова ','Ангелина','Владимировна','ж','1992-07-11 00:00:00','7 (993) 086-87-27','79930868727','7670839736',9),(119,'Усова','Амира','Георгиевна','ж','1980-01-07 00:00:00','7 (961) 320-19-86','79613201986','6072068847',2),(120,'Васильева ','Мирослава','Леоновна','ж','1996-05-05 00:00:00','7 (971) 017-31-76','79710173176','4380125834',8),(121,'Рубцов','Арсений','Алиевич','м','1985-11-20 00:00:00','7 (910) 193-54-38','79101935438','7150085255',4);
/*!40000 ALTER TABLE `Artists` ENABLE KEYS */;
UNLOCK TABLES;

--
-- Table structure for table `City`
--

DROP TABLE IF EXISTS `City`;
/*!40101 SET @saved_cs_client     = @@character_set_client */;
/*!50503 SET character_set_client = utf8mb4 */;
CREATE TABLE `City` (
  `idcity` int NOT NULL AUTO_INCREMENT,
  `Name5` varchar(45) NOT NULL,
  PRIMARY KEY (`idcity`)
) ENGINE=InnoDB AUTO_INCREMENT=31 DEFAULT CHARSET=utf8mb4 COLLATE=utf8mb4_0900_ai_ci;
/*!40101 SET character_set_client = @saved_cs_client */;

--
-- Dumping data for table `City`
--

LOCK TABLES `City` WRITE;
/*!40000 ALTER TABLE `City` DISABLE KEYS */;
INSERT INTO `City` VALUES (1,'Москва'),(2,'Санкт-Петербург'),(3,'Новосибирск'),(4,'Екатеринбург'),(5,'Нижний Новгород'),(6,'Казань'),(7,'Челябинск'),(8,'Омск'),(9,'Самара'),(10,'Ростов-на-Дону'),(11,'Уфа'),(12,'Красноярск'),(13,'Воронеж'),(14,'Пермь'),(15,'Волгоград'),(16,'Краснодар'),(17,'Саратов'),(18,'Тюмень'),(19,'Тольятти'),(20,'Ижевск'),(21,'Барнаул'),(22,'Иркутск'),(23,'Ульяновск'),(24,'Хабаровск'),(25,'Ярославль'),(26,'Владивосток'),(27,'Махачкала'),(28,'Томск'),(29,'Оренбург'),(30,'Кемерово');
/*!40000 ALTER TABLE `City` ENABLE KEYS */;
UNLOCK TABLES;

--
-- Table structure for table `employees`
--

DROP TABLE IF EXISTS `employees`;
/*!40101 SET @saved_cs_client     = @@character_set_client */;
/*!50503 SET character_set_client = utf8mb4 */;
CREATE TABLE `employees` (
  `IDemployeers` int NOT NULL AUTO_INCREMENT,
  `Lastname` varchar(45) DEFAULT NULL,
  `Name3` varchar(45) DEFAULT NULL,
  `Middlename` varchar(45) DEFAULT NULL,
  `gender` varchar(45) DEFAULT NULL,
  `Birthday` datetime DEFAULT NULL,
  `phone` varchar(45) DEFAULT NULL,
  `login` varchar(45) DEFAULT NULL,
  `secret` varchar(45) DEFAULT NULL,
  `IDspecialization` int NOT NULL,
  PRIMARY KEY (`IDemployeers`),
  KEY `id специализации_idx` (`IDspecialization`),
  CONSTRAINT `специал` FOREIGN KEY (`IDspecialization`) REFERENCES `specialization` (`idspecialization`)
) ENGINE=InnoDB AUTO_INCREMENT=22 DEFAULT CHARSET=utf8mb4 COLLATE=utf8mb4_0900_ai_ci;
/*!40101 SET character_set_client = @saved_cs_client */;

--
-- Dumping data for table `employees`
--

LOCK TABLES `employees` WRITE;
/*!40000 ALTER TABLE `employees` DISABLE KEYS */;
INSERT INTO `employees` VALUES (1,'Олейников ','Михаил','Викторович','м','1981-06-12 00:00:00','7 (970) 870-72-38','79708707238','5792788302',20),(2,'Минаева ','Виктория','Савельевна','ж','1978-07-29 00:00:00','7 (954) 899-58-68','79548995868','6057098339',18),(3,'Федотова ','Юлиана','Михайловна','ж','1981-12-29 00:00:00','7 (932) 169-72-77','79321697277','4523747557',13),(4,'Скворцов','Максим','Александрович','м','2000-12-30 00:00:00','7 (908) 753-36-36','79087533636','9832824912',15),(5,'Ковалев ','Фёдор','Матвеевич','м','1981-03-11 00:00:00','7 (992) 485-52-34','79924855234','2253003371',21),(6,'Лукьянов','Матвей','Иванович','м','1974-05-05 00:00:00','7 (930) 862-64-02','79308626402','6741779860',14),(7,'Тихомирова','Стефания','Игоревна','ж','1974-05-19 00:00:00','7 (997) 986-76-49','79979867649','6144555356',16),(8,'Казакова ','Есения','Фёдоровна','ж','1997-06-23 00:00:00','7 (902) 091-49-65','79020914965','4332579752',19),(9,'Демидова ','Камилла','Арсентьева','ж','1979-06-06 00:00:00','7 (938) 350-44-52','79383504452','7614210055',17),(10,'Федоров ','Григорий','Платонович','м','1988-07-10 00:00:00','7 (991) 118-52-02','79911185202','1387281283',13),(11,'Бородина ','Антонина','Максимовна','ж','1983-05-22 00:00:00','7 (928) 796-77-58','79287967758','4193326964',21),(12,'Архипова','Таисия',' Алексеевна','ж','1987-05-04 00:00:00','7 (931) 617-78-39','79316177839','1265784415',15),(13,'Климова ','Алина','Кирилловна','ж','1985-08-15 00:00:00','7 (903) 976-68-16','79039766816','6720952228',18),(14,'Кукушкин','Виктор','Ильич','м','1974-02-12 00:00:00','7 (900) 618-12-86','79006181286','4596514565',19),(15,'Фролова','Яна','Александровна','ж','2000-07-16 00:00:00','7 (951) 536-99-45','79515369945','5111858616',17),(16,'Рябов','Дмитрий',' Артёмович','м','1976-11-18 00:00:00','7 (937) 061-16-03','79370611603','5325570213',20),(17,'Волков ','Пётр','Семёнович','м','1977-10-07 00:00:00','7 (991) 876-52-72','79918765272','7119901275',19),(18,'Крюков','Леон','Максимович','м','1996-10-30 00:00:00','7 (912) 801-67-21','79128016721','8787846353',13),(19,'Кочергин ','Ибрагим','Александрович','м','1980-11-07 00:00:00','7 (958) 341-41-86','79583414186','1643489863',18),(20,'Артамонова','Татьяна',' Ивановна','ж','1981-01-20 00:00:00','7 (986) 485-63-04','79864856304','6475697252',13),(21,'Воронова ','Эмилия','Михайловна','ж','2000-02-16 00:00:00','7 (927) 073-72-23','79270737223','6876517544',16);
/*!40000 ALTER TABLE `employees` ENABLE KEYS */;
UNLOCK TABLES;

--
-- Table structure for table `genre`
--

DROP TABLE IF EXISTS `genre`;
/*!40101 SET @saved_cs_client     = @@character_set_client */;
/*!50503 SET character_set_client = utf8mb4 */;
CREATE TABLE `genre` (
  `idgenre` int NOT NULL AUTO_INCREMENT,
  `Name7` varchar(45) DEFAULT NULL,
  `descripsion2` varchar(256) DEFAULT NULL,
  PRIMARY KEY (`idgenre`)
) ENGINE=InnoDB AUTO_INCREMENT=10 DEFAULT CHARSET=utf8mb4 COLLATE=utf8mb4_0900_ai_ci;
/*!40101 SET character_set_client = @saved_cs_client */;

--
-- Dumping data for table `genre`
--

LOCK TABLES `genre` WRITE;
/*!40000 ALTER TABLE `genre` DISABLE KEYS */;
INSERT INTO `genre` VALUES (1,'Акробатика','спектакль, в котором артисты демонстрируют высокую физическую подготовку и совершают сложные трюки на трапециях, канатах и других приспособлениях'),(2,'Клоунада','спектакль, в котором выступают клоуны, шутя и удивляя зрителей своими забавными номерами'),(3,'Магия','спектакль, в котором артисты показывают фокусы и иллюзии, заставляя зрителей удивляться и думать, как это возможно'),(4,'Жонглирование','спектакль, в котором артисты мастерски манипулируют различными предметами, например, мячиками, кеглями или огненными факелами'),(5,'Театральный цирк','спектакль, в котором цирковые номера сочетаются с элементами театрального искусства, создавая неповторимую атмосферу.'),(6,'Эквилибристика','спектакль, в котором артисты демонстрируют свою ловкость и баланс, выполняя сложные трюки на высоких конструкциях.'),(7,'Аэроакробатика','спектакль, в котором артисты исполняют трюки в воздухе, на подвесных кольцах или тканях'),(8,'Канатоходство','спектакль, в котором артисты переходят по канату, находясь на большой высоте.'),(9,'Костюмированный цирк','спектакль, в котором артисты выступают в костюмах, создавая неповторимую атмосферу и заставляя зрителей погрузиться в мир фантазии.');
/*!40000 ALTER TABLE `genre` ENABLE KEYS */;
UNLOCK TABLES;

--
-- Table structure for table `Performance`
--

DROP TABLE IF EXISTS `Performance`;
/*!40101 SET @saved_cs_client     = @@character_set_client */;
/*!50503 SET character_set_client = utf8mb4 */;
CREATE TABLE `Performance` (
  `IDperformance` int NOT NULL AUTO_INCREMENT,
  `Date1` datetime NOT NULL,
  `Timestart` datetime NOT NULL,
  `Timeend` datetime NOT NULL,
  `IDarea` int NOT NULL,
  `performancetype` varchar(45) NOT NULL,
  `IDshow` int NOT NULL,
  `baseprice` int NOT NULL,
  PRIMARY KEY (`IDperformance`),
  KEY `площ_idx` (`IDarea`),
  KEY `пост_idx` (`IDshow`),
  CONSTRAINT `площадка` FOREIGN KEY (`IDarea`) REFERENCES `area` (`idarea`),
  CONSTRAINT `шоу` FOREIGN KEY (`IDshow`) REFERENCES `show1` (`idshow`)
) ENGINE=InnoDB AUTO_INCREMENT=51 DEFAULT CHARSET=utf8mb4 COLLATE=utf8mb4_0900_ai_ci;
/*!40101 SET character_set_client = @saved_cs_client */;

--
-- Dumping data for table `Performance`
--

LOCK TABLES `Performance` WRITE;
/*!40000 ALTER TABLE `Performance` DISABLE KEYS */;
INSERT INTO `Performance` VALUES (1,'2023-07-10 00:00:00','2023-07-10 11:00:00','2023-07-10 13:00:00',2,'репетиция ',3,1700),(2,'2023-05-11 00:00:00','2023-05-11 14:00:00','2023-05-11 16:00:00',1,'репетиция ',18,1700),(3,'2023-07-11 00:00:00','2023-07-11 11:00:00','2023-07-11 13:00:00',2,'репетиция ',13,1700),(4,'2023-07-13 00:00:00','2023-07-13 19:00:00','2023-07-13 21:00:00',1,'выступление',3,500),(5,'2023-06-30 00:00:00','2023-06-30 20:00:00','2023-06-30 22:00:00',2,'выступление',9,1700),(6,'2023-06-19 00:00:00','2023-06-19 11:30:00','2023-06-19 13:30:00',2,'репетиция ',14,1700),(7,'2023-06-23 00:00:00','2023-06-23 19:00:00','2023-06-23 21:00:00',1,'выступление',2,1700),(8,'2023-05-10 00:00:00','2023-05-10 13:00:00','2023-05-10 15:00:00',3,'репетиция ',13,1700),(9,'2023-05-11 00:00:00','2023-05-11 14:00:00','2023-05-11 16:00:00',2,'репетиция ',18,1700),(10,'2023-07-16 00:00:00','2023-07-16 15:00:00','2023-07-16 17:00:00',3,'репетиция ',5,1900),(11,'2023-06-18 00:00:00','2023-06-18 19:00:00','2023-06-18 21:00:00',1,'выступление',15,1700),(12,'2023-05-19 00:00:00','2023-05-19 18:00:00','2023-05-19 20:00:00',3,'выступление',7,1700),(13,'2023-05-02 00:00:00','2023-05-02 18:00:00','2023-05-02 20:00:00',2,'выступление',19,1700),(14,'2023-06-19 00:00:00','2023-06-19 19:00:00','2023-06-19 21:00:00',2,'репетиция ',18,1700),(15,'2023-05-09 00:00:00','2023-05-09 20:00:00','2023-05-09 22:00:00',2,'выступление',3,1700),(16,'2023-06-18 00:00:00','2023-06-18 20:00:00','2023-06-18 22:00:00',3,'выступление',15,1700),(17,'2023-05-14 00:00:00','2023-05-14 19:00:00','2023-05-14 21:00:00',2,'выступление',10,1700),(18,'2023-06-01 00:00:00','2023-06-01 19:00:00','2023-06-01 21:00:00',3,'выступление',8,1700),(19,'2023-06-06 00:00:00','2023-06-06 19:00:00','2023-06-06 21:00:00',1,'выступление',15,1700),(20,'2023-06-22 00:00:00','2023-06-22 12:30:00','2023-06-22 14:30:00',1,'репетиция ',20,1700),(21,'2023-06-22 00:00:00','2023-06-22 11:00:00','2023-06-22 13:00:00',3,'репетиция ',15,1700),(22,'2023-05-20 00:00:00','2023-05-20 14:00:00','2023-05-20 16:00:00',3,'репетиция ',12,1700),(23,'2023-07-08 00:00:00','2023-07-08 11:00:00','2023-07-08 13:00:00',3,'репетиция ',19,1700),(24,'2023-06-04 00:00:00','2023-06-04 19:00:00','2023-06-04 21:00:00',2,'репетиция ',18,1700),(25,'2023-05-01 00:00:00','2023-05-01 20:00:00','2023-05-01 22:00:00',2,'репетиция ',16,1700),(26,'2023-07-17 00:00:00','2023-07-17 18:30:00','2023-07-17 20:30:00',1,'выступление',15,1700),(27,'2023-07-08 00:00:00','2023-07-08 12:00:00','2023-07-08 14:00:00',1,'репетиция ',16,1700),(28,'2023-05-19 00:00:00','2023-05-19 19:00:00','2023-05-19 21:00:00',2,'выступление',2,1700),(29,'2023-06-01 00:00:00','2023-06-01 14:00:00','2023-06-01 16:00:00',1,'репетиция ',14,1700),(30,'2023-07-17 00:00:00','2023-07-17 19:00:00','2023-07-17 21:00:00',2,'выступление',8,1700),(31,'2023-05-16 00:00:00','2023-05-16 19:00:00','2023-05-16 21:00:00',1,'выступление',8,1700),(32,'2023-07-06 00:00:00','2023-07-06 18:00:00','2023-07-06 20:00:00',3,'выступление',12,1700),(33,'2023-05-18 00:00:00','2023-05-18 12:00:00','2023-05-18 14:00:00',3,'репетиция ',6,1700),(34,'2023-05-07 00:00:00','2023-05-07 11:00:00','2023-05-07 13:00:00',1,'репетиция ',12,1700),(35,'2023-07-05 00:00:00','2023-07-05 20:00:00','2023-07-05 22:00:00',2,'выступление',13,1700),(36,'2023-06-07 00:00:00','2023-06-07 11:00:00','2023-06-07 13:00:00',2,'репетиция ',15,1700),(37,'2023-06-19 00:00:00','2023-06-19 12:00:00','2023-06-19 14:00:00',2,'репетиция ',7,1700),(38,'2023-06-03 00:00:00','2023-06-03 10:00:00','2023-06-03 12:00:00',2,'репетиция ',11,1700),(39,'2023-06-11 00:00:00','2023-06-11 19:00:00','2023-06-11 21:00:00',1,'выступление',6,1700),(40,'2023-05-07 00:00:00','2023-05-07 19:30:00','2023-05-07 21:30:00',1,'выступление',12,1700),(41,'2023-05-02 00:00:00','2023-05-02 12:00:00','2023-05-02 14:00:00',2,'репетиция ',10,1700),(42,'2023-07-10 00:00:00','2023-07-10 13:00:00','2023-07-10 15:00:00',2,'репетиция ',16,1700),(43,'2023-06-25 00:00:00','2023-06-25 18:00:00','2023-06-25 20:00:00',3,'выступление',16,1700),(44,'2023-06-02 00:00:00','2023-06-02 14:00:00','2023-06-02 16:00:00',3,'репетиция ',10,1700),(45,'2023-07-14 00:00:00','2023-07-14 19:00:00','2023-07-14 21:00:00',3,'выступление',6,1700),(46,'2023-06-03 00:00:00','2023-06-03 09:30:00','2023-06-03 11:30:00',1,'репетиция ',11,1700),(47,'2023-05-20 00:00:00','2023-05-20 10:30:00','2023-05-20 12:30:00',2,'репетиция ',12,1700),(48,'2023-07-06 00:00:00','2023-07-06 11:30:00','2023-07-06 13:30:00',2,'репетиция ',11,1700),(49,'2023-07-21 00:00:00','2023-07-21 12:30:00','2023-07-21 14:30:00',2,'репетиция ',16,1700),(50,'2024-01-01 00:00:00','2024-01-01 19:00:00','2024-01-01 21:00:00',3,'выступление',1,1700);
/*!40000 ALTER TABLE `Performance` ENABLE KEYS */;
UNLOCK TABLES;
/*!50003 SET @saved_cs_client      = @@character_set_client */ ;
/*!50003 SET @saved_cs_results     = @@character_set_results */ ;
/*!50003 SET @saved_col_connection = @@collation_connection */ ;
/*!50003 SET character_set_client  = utf8mb4 */ ;
/*!50003 SET character_set_results = utf8mb4 */ ;
/*!50003 SET collation_connection  = utf8mb4_0900_ai_ci */ ;
/*!50003 SET @saved_sql_mode       = @@sql_mode */ ;
/*!50003 SET sql_mode              = 'ONLY_FULL_GROUP_BY,STRICT_TRANS_TABLES,NO_ZERO_IN_DATE,NO_ZERO_DATE,ERROR_FOR_DIVISION_BY_ZERO,NO_ENGINE_SUBSTITUTION' */ ;
DELIMITER ;;
/*!50003 CREATE*/ /*!50017 DEFINER=`root`@`localhost`*/ /*!50003 TRIGGER `Performance_AFTER_INSERT` AFTER INSERT ON `performance` FOR EACH ROW BEGIN
insert into tickets (idseat,idperformance,price, status1) 
select seat.idseat, NEW.idperformance, NEW.baseprice as price, 'свободно' as status1
from row1 as r
inner join seat on r.idrow = seat.idrow 
where r.idarea = NEW.idarea;
END */;;
DELIMITER ;
/*!50003 SET sql_mode              = @saved_sql_mode */ ;
/*!50003 SET character_set_client  = @saved_cs_client */ ;
/*!50003 SET character_set_results = @saved_cs_results */ ;
/*!50003 SET collation_connection  = @saved_col_connection */ ;
/*!50003 SET @saved_cs_client      = @@character_set_client */ ;
/*!50003 SET @saved_cs_results     = @@character_set_results */ ;
/*!50003 SET @saved_col_connection = @@collation_connection */ ;
/*!50003 SET character_set_client  = utf8mb4 */ ;
/*!50003 SET character_set_results = utf8mb4 */ ;
/*!50003 SET collation_connection  = utf8mb4_0900_ai_ci */ ;
/*!50003 SET @saved_sql_mode       = @@sql_mode */ ;
/*!50003 SET sql_mode              = 'ONLY_FULL_GROUP_BY,STRICT_TRANS_TABLES,NO_ZERO_IN_DATE,NO_ZERO_DATE,ERROR_FOR_DIVISION_BY_ZERO,NO_ENGINE_SUBSTITUTION' */ ;
DELIMITER ;;
/*!50003 CREATE*/ /*!50017 DEFINER=`root`@`localhost`*/ /*!50003 TRIGGER `Performance_AFTER_UPDATE` AFTER UPDATE ON `performance` FOR EACH ROW BEGIN
update tickets t set price = NEW.baseprice 
where status1 = 'свободно' and t.idperformance = NEW.idperformance ;
END */;;
DELIMITER ;
/*!50003 SET sql_mode              = @saved_sql_mode */ ;
/*!50003 SET character_set_client  = @saved_cs_client */ ;
/*!50003 SET character_set_results = @saved_cs_results */ ;
/*!50003 SET collation_connection  = @saved_col_connection */ ;

--
-- Table structure for table `performingartists`
--

DROP TABLE IF EXISTS `performingartists`;
/*!40101 SET @saved_cs_client     = @@character_set_client */;
/*!50503 SET character_set_client = utf8mb4 */;
CREATE TABLE `performingartists` (
  `IDperformance` int NOT NULL,
  `IDemployee` int NOT NULL,
  `IDperforming` int NOT NULL AUTO_INCREMENT,
  PRIMARY KEY (`IDperforming`),
  KEY `art_idx` (`IDperformance`),
  KEY `выст_idx` (`IDemployee`),
  CONSTRAINT `артист` FOREIGN KEY (`IDemployee`) REFERENCES `Artists` (`IDemployee`),
  CONSTRAINT `выступление` FOREIGN KEY (`IDperformance`) REFERENCES `Performance` (`IDperformance`)
) ENGINE=InnoDB AUTO_INCREMENT=54 DEFAULT CHARSET=utf8mb4 COLLATE=utf8mb4_0900_ai_ci;
/*!40101 SET character_set_client = @saved_cs_client */;

--
-- Dumping data for table `performingartists`
--

LOCK TABLES `performingartists` WRITE;
/*!40000 ALTER TABLE `performingartists` DISABLE KEYS */;
INSERT INTO `performingartists` VALUES (1,44,1),(1,45,2),(1,46,3),(1,47,4),(1,48,5),(1,49,6),(1,50,7),(1,51,8),(2,52,9),(2,53,10),(2,54,11),(2,55,12),(2,56,13),(2,57,14),(2,58,15),(3,59,16),(3,60,17),(3,61,18),(3,62,19),(3,63,20),(3,64,21),(4,65,22),(4,66,23),(4,67,24),(4,68,25),(4,69,26),(4,70,27),(4,71,28),(4,72,29),(5,73,30),(5,74,31),(5,75,32),(5,76,33),(6,77,34),(6,78,35),(6,79,36),(6,80,37),(7,81,38),(7,82,39),(7,83,40),(8,84,41),(8,85,42),(8,86,43),(8,87,44),(9,88,45),(9,89,46),(9,90,47),(9,91,48),(9,92,49),(10,93,50),(10,94,51),(10,95,52),(10,96,53);
/*!40000 ALTER TABLE `performingartists` ENABLE KEYS */;
UNLOCK TABLES;

--
-- Table structure for table `row1`
--

DROP TABLE IF EXISTS `row1`;
/*!40101 SET @saved_cs_client     = @@character_set_client */;
/*!50503 SET character_set_client = utf8mb4 */;
CREATE TABLE `row1` (
  `idrow` int NOT NULL AUTO_INCREMENT,
  `IDarea` int NOT NULL,
  `rownumber` int DEFAULT NULL,
  `number_of_seats` int DEFAULT NULL,
  `row_shape` varchar(45) DEFAULT NULL,
  `row_type` varchar(45) DEFAULT NULL,
  PRIMARY KEY (`idrow`),
  KEY `площ_idx` (`IDarea`),
  CONSTRAINT `площад` FOREIGN KEY (`IDarea`) REFERENCES `area` (`idarea`)
) ENGINE=InnoDB AUTO_INCREMENT=26 DEFAULT CHARSET=utf8mb4 COLLATE=utf8mb4_0900_ai_ci;
/*!40101 SET character_set_client = @saved_cs_client */;

--
-- Dumping data for table `row1`
--

LOCK TABLES `row1` WRITE;
/*!40000 ALTER TABLE `row1` DISABLE KEYS */;
INSERT INTO `row1` VALUES (1,1,1,3,'линия','партер'),(2,1,2,3,'линия','партер'),(3,1,3,3,'линия','партер'),(4,1,4,3,'линия','партер'),(5,1,5,5,'полукруг','балкон'),(6,1,6,5,'полукруг','балкон'),(7,1,7,5,'полукруг','балкон'),(8,2,1,2,'линия','партер'),(9,2,2,2,'линия','партер'),(10,2,3,2,'линия','партер'),(11,2,4,2,'линия','партер'),(12,2,5,2,'линия','партер'),(13,3,1,2,'линия','партер'),(14,3,2,2,'линия','партер'),(15,3,3,2,'линия','партер'),(16,3,4,2,'линия','партер'),(17,3,5,3,'полукруг','балкон'),(18,3,6,3,'полукруг','балкон'),(19,3,7,3,'полукруг','балкон'),(20,3,8,3,'полукруг','балкон'),(21,3,9,5,'полукруг','балкон'),(22,3,10,5,'полукруг','галерка'),(23,3,11,5,'полукруг','галерка'),(24,3,12,5,'полукруг','галерка'),(25,3,13,5,'полукруг','галерка');
/*!40000 ALTER TABLE `row1` ENABLE KEYS */;
UNLOCK TABLES;

--
-- Table structure for table `seat`
--

DROP TABLE IF EXISTS `seat`;
/*!40101 SET @saved_cs_client     = @@character_set_client */;
/*!50503 SET character_set_client = utf8mb4 */;
CREATE TABLE `seat` (
  `idseat` int NOT NULL AUTO_INCREMENT,
  `IDrow` int NOT NULL,
  `seatnumber` int NOT NULL,
  `seatcategory` varchar(45) NOT NULL,
  PRIMARY KEY (`idseat`),
  KEY `ряд_idx` (`IDrow`),
  CONSTRAINT `ряд` FOREIGN KEY (`IDrow`) REFERENCES `row1` (`idrow`)
) ENGINE=InnoDB AUTO_INCREMENT=83 DEFAULT CHARSET=utf8mb4 COLLATE=utf8mb4_0900_ai_ci;
/*!40101 SET character_set_client = @saved_cs_client */;

--
-- Dumping data for table `seat`
--

LOCK TABLES `seat` WRITE;
/*!40000 ALTER TABLE `seat` DISABLE KEYS */;
INSERT INTO `seat` VALUES (1,1,1,'край'),(2,1,2,'край'),(3,1,3,'край'),(4,2,1,'край'),(5,2,2,'край'),(6,2,3,'край'),(7,3,1,'край'),(8,3,2,'край'),(9,3,3,'край'),(10,4,1,'край'),(11,4,2,'край'),(12,4,3,'край'),(13,5,1,'край'),(14,5,2,'центр'),(15,5,3,'центр'),(16,5,4,'центр'),(17,5,5,'край'),(18,6,1,'край'),(19,6,2,'край'),(20,6,3,'центр'),(21,6,4,'центр'),(22,6,5,'край'),(23,7,1,'край'),(24,7,2,'центр'),(25,7,3,'центр'),(26,7,4,'центр'),(27,7,5,'край'),(28,8,1,'край'),(29,8,2,'край'),(30,9,1,'край'),(31,9,2,'край'),(32,10,1,'край'),(33,10,2,'край'),(34,11,1,'край'),(35,11,2,'край'),(36,12,1,'край'),(37,12,2,'край'),(38,13,1,'край'),(39,13,2,'край'),(40,14,1,'край'),(41,14,2,'край'),(42,15,1,'край'),(43,15,2,'край'),(44,16,1,'край'),(45,16,2,'край'),(46,17,1,'край'),(47,17,2,'край'),(48,17,3,'край'),(49,18,1,'край'),(50,18,2,'центр'),(51,18,3,'край'),(52,19,1,'край'),(53,19,2,'центр'),(54,19,3,'край'),(55,20,1,'край'),(56,20,2,'центр'),(57,20,3,'край'),(58,21,1,'край'),(59,21,2,'центр'),(60,21,3,'центр'),(61,21,4,'центр'),(62,21,5,'край'),(63,22,1,'край'),(64,22,2,'центр'),(65,22,3,'центр'),(66,22,4,'центр'),(67,22,5,'край'),(68,23,1,'край'),(69,23,2,'центр'),(70,23,3,'центр'),(71,23,4,'центр'),(72,23,5,'край'),(73,24,1,'край'),(74,24,2,'центр'),(75,24,3,'центр'),(76,24,4,'центр'),(77,24,5,'край'),(78,25,1,'край'),(79,25,2,'центр'),(80,25,3,'центр'),(81,25,4,'центр'),(82,25,5,'край');
/*!40000 ALTER TABLE `seat` ENABLE KEYS */;
UNLOCK TABLES;

--
-- Table structure for table `show1`
--

DROP TABLE IF EXISTS `show1`;
/*!40101 SET @saved_cs_client     = @@character_set_client */;
/*!50503 SET character_set_client = utf8mb4 */;
CREATE TABLE `show1` (
  `idshow` int NOT NULL AUTO_INCREMENT,
  `name4` varchar(45) NOT NULL,
  `Director` varchar(45) DEFAULT NULL,
  `productiondesigner` varchar(45) DEFAULT NULL,
  `conductor` varchar(45) DEFAULT NULL,
  `author` varchar(45) DEFAULT NULL,
  `IDgenre` int NOT NULL,
  `duration` varchar(45) DEFAULT NULL,
  PRIMARY KEY (`idshow`),
  KEY `жанр_idx` (`IDgenre`),
  CONSTRAINT `тип` FOREIGN KEY (`IDgenre`) REFERENCES `genre` (`idgenre`)
) ENGINE=InnoDB AUTO_INCREMENT=21 DEFAULT CHARSET=utf8mb4 COLLATE=utf8mb4_0900_ai_ci;
/*!40101 SET character_set_client = @saved_cs_client */;

--
-- Dumping data for table `show1`
--

LOCK TABLES `show1` WRITE;
/*!40000 ALTER TABLE `show1` DISABLE KEYS */;
INSERT INTO `show1` VALUES (1,' \"Волшебный мир магии\"','Стивен Спилберг','Эдвард Д. Вуд мл.','Квентин Тарантино','Вильям Шекспир',1,'2 часа'),(2,'\"Шоу клоунов\"','Кристофер Нолан','Уэйн Крамер','Гас Ван Сент','Антон Чехов',2,'2 часа'),(3,'\"Легенды животных\"','Мартин Скорсезе','Уве Болл','София Коппола','Теннесси Уильямс',4,'2 часа'),(4,'\"Экстремальная акробатика\"','Дэвид Финчер','Майкл Бэй','Ларс фон Триер','Эдвард Альби',3,'2 часа'),(5,'\"Жонглеры на грани\"','Джеймс Кэмерон','Джонатан Либесман','Даррен Аронофски','Артур Миллер',5,'2 часа'),(6,'\"Театральный цирк: сказки и истории\"','Питер Джексон','Роберт Родригес','Андрей Звягинцев','Лоренс Оливье',3,'2 часа'),(7,'\"Львы и тигры: великие хищники цирка\"','Ридли Скотт','Джастин Лин','Мартин Скорсезе','Гарольд Пинтер',6,'2 часа'),(8,'\"Аэродинамический цирк\"','Квентин Тарантино','Пол У. С. Андерсон','Пол Томас Андерсон','Сэмюэл Беккетт',1,'2 часа'),(9,'\"Канатоходцы: на грани возможного\"','Стивен Содерберг','МакДжи','Александр Пайпер','Жан-Поль Сартр',6,'2 часа'),(10,'\"Цирк на воде\"','Гас Ван Сент','Брентон Спенсер','Дэвид Линч','Линард Коллинс',7,'2 часа'),(11,'\"Фантастический мир костюмированного цирка\"','Анг Ли','Ричард Келли','Кристиан Ньютон','Дэвид Мэмэт',3,'2 часа'),(12,'\"Цирковые герои\"','Сам Рэйми','Марк Невелдайн ','Ричард Линклейтер','Эрик Богосиан',8,'2 часа'),(13,'\"Живые скульптуры\"','Гай Ричи','Джоэл Шумахер','Джонатан Демми','Ричард Айер',4,'2 часа'),(14,'\"Акробатический балет\"','Пол Томас Андерсон','Майкл Дэвис','Стив МакКуин','Том Стоппард',9,'2 часа'),(15,'\"Цирковые фокусы\"','Вуди Аллен','Эллиотт Лестер','Роберт Родригес','Мартин Макдонах',4,'2 часа'),(16,'\"Шоу на высоте\"','Тим Бёртон','Роланд Эммерих','Гай Мэддин','Джон Осборн',3,'2 часа'),(17,'\"Мистический цирк\"','Даррен Аронофски','Марк Стивен Джонсон','Эдгар Райт','Клайд Борнеманн',2,'2 часа'),(18,'\"Сказочные персонажи на арене\"','София Коппола','Дэвид Гордон Грин','Джеймс Грэй','Дэвид Рабе',6,'2 часа'),(19,'\"Цирковые звезды\"','Джеймс Грей','Джон Мур','Бен Уитли','Нил Саймон',9,'2 часа'),(20,'\"Феерический цирк\"','Кен Лоуч.','Уильям Брент Белл','Стивен Содерберг','Харольд Брукс',5,'2 часа');
/*!40000 ALTER TABLE `show1` ENABLE KEYS */;
UNLOCK TABLES;

--
-- Table structure for table `specialization`
--

DROP TABLE IF EXISTS `specialization`;
/*!40101 SET @saved_cs_client     = @@character_set_client */;
/*!50503 SET character_set_client = utf8mb4 */;
CREATE TABLE `specialization` (
  `idspecialization` int NOT NULL,
  `Name_of_specialization` varchar(45) DEFAULT NULL,
  `description` varchar(512) DEFAULT NULL,
  PRIMARY KEY (`idspecialization`)
) ENGINE=InnoDB DEFAULT CHARSET=utf8mb4 COLLATE=utf8mb4_0900_ai_ci;
/*!40101 SET character_set_client = @saved_cs_client */;

--
-- Dumping data for table `specialization`
--

LOCK TABLES `specialization` WRITE;
/*!40000 ALTER TABLE `specialization` DISABLE KEYS */;
INSERT INTO `specialization` VALUES (1,'Акробат','профессиональные атлеты, которые выполняют сложные трюки, используя свою силу, гибкость и координацию.'),(2,'Жонглер','мастера многорукой игры с предметами, такими как мячи, кегли, булавы и другие.'),(3,'Клоун','артисты, чья задача - зажечь публику своими шутками, гримасами и необычными номерами'),(4,'Трапецист','профессионалы, которые выступают на канатах, лестницах и трапециях в воздухе.'),(5,'Дрессировщик','специалисты по обучению животных, таких как львы, слоны, тигры и другие, выполнять различные трюки и номера.'),(6,'Маги','артисты, которые создают иллюзии и фокусы, заставляющие зрителей удивляться и думать о том, как они это сделали'),(7,'Канатоход','специалисты, которые выступают на тонких канатах в воздухе, выполняя трюки и акробатические номера.'),(8,'Каскадер','артисты, которые выполняют опасные трюки, такие как падения с высоты, гонки на мотоциклах и другие.'),(9,'Аэробат','специалисты, которые выступают на специальных летательных аппаратах, таких как самолеты и вертолеты, выполняя сложные трюки в воздухе'),(10,'Живая статуя','артисты, которые находятся в неподвижном положении, создавая иллюзию статуи, а затем внезапно начинают двигаться и взаимодействовать с публикой.'),(11,'Факир','мастера экстремальных трюков, таких как шипы, жар и другие, которые они выполняют на своем теле'),(12,'Гимнаст','специалист, занимающийся профессиональными выступлениями в гимнастике. Гимнасты тренируются для выполнения сложных элементов и комбинаций на различных снарядах, таких как брусья, кольца, балансировочные доски и другие. Они также могут участвовать в соревнованиях и шоу-программах. Важными навыками гимнаста являются координация движений, гибкость, сила и выносливость.'),(13,'Главный Режиссер ',' это высококвалифицированный специалист, который отвечает за создание и реализацию шоу-программ в цирковом представлении. Он разрабатывает концепцию номеров, выбирает музыку, костюмы и декорации, а также координирует работу гимнастов, жонглеров, акробатов и других артистов. '),(14,'Главный Дерижер','это музыкальный руководитель оркестра или хора, который отвечает за подбор и исполнение музыки в музыкальном произведении. Он руководит репетициями, выбирает музыкальные композиции, определяет темп и динамику исполнения, а также координирует работу музыкантов и певцов. '),(15,'Хужожник по костюмам',' это специалист в области создания костюмов для театральных постановок, опер, балетов, кино и телевидения. Он работает в тесном сотрудничестве с режиссером, дизайнером постановки и актерами, чтобы создать костюмы, которые соответствуют характеру персонажей и атмосфере произведения. '),(16,'Балетмейстер','это художественный руководитель балетной компании, который отвечает за создание и постановку хореографии, обучение танцоров, подбор музыки и декораций для спектаклей. Он также работает в тесном сотрудничестве с дирижером, дизайнером постановки и художником по костюмам, чтобы создать полноценное произведение и донести его до зрителей. '),(17,'Инспектор-режиссер ','это должность, связанная с организацией и проведением различных мероприятий в манеже, таких как цирковые представления, концерты, спектакли и т.д. Он отвечает за контроль за соблюдением техники безопасности, организацию работы персонала, координацию работы сцены и зрительного зала, а также за проведение репетиций и режиссуру выступлений. '),(18,'Директор','отвечает за общее управление цирком, включая организацию выступлений, работу персонала, финансовые вопросы и т.д. '),(19,'Заместитель директора','отвечает за определенные аспекты работы цирка, например, за взаимодействие с партнерами и спонсорами, за рекламу и маркетинг, за техническое обеспечение и т.д.'),(20,'Художник по свету',' отвечает за создание освещения для выступлений и создание атмосферы на арене. Он работает в тесном сотрудничестве с режиссером и другими специалистами, чтобы создать эффектное шоу.'),(21,'Звуковой инженер','это специалист, который занимается проектированием, установкой и настройкой звукового оборудования для концертов');
/*!40000 ALTER TABLE `specialization` ENABLE KEYS */;
UNLOCK TABLES;

--
-- Table structure for table `ticket_category`
--

DROP TABLE IF EXISTS `ticket_category`;
/*!40101 SET @saved_cs_client     = @@character_set_client */;
/*!50503 SET character_set_client = utf8mb4 */;
CREATE TABLE `ticket_category` (
  `IDticketcategory` int NOT NULL AUTO_INCREMENT,
  `Name6` varchar(45) NOT NULL,
  `description1` float NOT NULL,
  PRIMARY KEY (`IDticketcategory`)
) ENGINE=InnoDB AUTO_INCREMENT=7 DEFAULT CHARSET=utf8mb4 COLLATE=utf8mb4_0900_ai_ci;
/*!40101 SET character_set_client = @saved_cs_client */;

--
-- Dumping data for table `ticket_category`
--

LOCK TABLES `ticket_category` WRITE;
/*!40000 ALTER TABLE `ticket_category` DISABLE KEYS */;
INSERT INTO `ticket_category` VALUES (1,'Полный',0),(2,'Студенческий',0.1),(3,'Семейный',0.1),(4,'Пенсионерам',0.2),(5,'Льготный',0.2),(6,'Школьный',0.1);
/*!40000 ALTER TABLE `ticket_category` ENABLE KEYS */;
UNLOCK TABLES;

--
-- Table structure for table `Tickets`
--

DROP TABLE IF EXISTS `Tickets`;
/*!40101 SET @saved_cs_client     = @@character_set_client */;
/*!50503 SET character_set_client = utf8mb4 */;
CREATE TABLE `Tickets` (
  `IDticket` int NOT NULL AUTO_INCREMENT,
  `IDcategory` int DEFAULT NULL,
  `IDviewer` int DEFAULT NULL,
  `IDperformance` int DEFAULT NULL,
  `IDseat` int DEFAULT NULL,
  `status1` varchar(45) DEFAULT NULL,
  `price` int DEFAULT NULL,
  PRIMARY KEY (`IDticket`),
  KEY `категории_idx` (`IDcategory`),
  KEY `зрители_idx` (`IDviewer`),
  KEY `выступления_idx` (`IDperformance`),
  KEY `место_idx` (`IDseat`),
  CONSTRAINT `выс` FOREIGN KEY (`IDperformance`) REFERENCES `Performance` (`IDperformance`),
  CONSTRAINT `зритель` FOREIGN KEY (`IDviewer`) REFERENCES `viewer` (`IDviewer`),
  CONSTRAINT `катег` FOREIGN KEY (`IDcategory`) REFERENCES `ticket_category` (`IDticketcategory`),
  CONSTRAINT `мест` FOREIGN KEY (`IDseat`) REFERENCES `seat` (`idseat`)
) ENGINE=InnoDB AUTO_INCREMENT=4243 DEFAULT CHARSET=utf8mb4 COLLATE=utf8mb4_0900_ai_ci;
/*!40101 SET character_set_client = @saved_cs_client */;

--
-- Dumping data for table `Tickets`
--

LOCK TABLES `Tickets` WRITE;
/*!40000 ALTER TABLE `Tickets` DISABLE KEYS */;
INSERT INTO `Tickets` VALUES (1,5,1,4,28,'оплачено',1500),(2,6,2,5,1,'оплачено',1500),(3,6,3,7,29,'оплачено',1500),(4,3,4,11,2,'оплачено',1500),(5,3,5,12,30,'оплачено',1500),(6,6,6,13,31,'оплачено',1500),(2133,NULL,NULL,2,1,'свободно',1700),(2134,NULL,NULL,4,1,'свободно',500),(2135,NULL,NULL,7,1,'свободно',1700),(2136,NULL,NULL,11,1,'свободно',1700),(2137,NULL,NULL,19,1,'свободно',1700),(2138,NULL,NULL,20,1,'свободно',1700),(2139,NULL,NULL,26,1,'свободно',1700),(2140,NULL,NULL,27,1,'свободно',1700),(2141,NULL,NULL,29,1,'свободно',1700),(2142,NULL,NULL,31,1,'свободно',1700),(2143,NULL,NULL,34,1,'свободно',1700),(2144,NULL,NULL,39,1,'свободно',1700),(2145,NULL,NULL,40,1,'свободно',1700),(2146,NULL,NULL,46,1,'свободно',1700),(2147,NULL,NULL,2,2,'свободно',1700),(2148,NULL,NULL,4,2,'свободно',500),(2149,NULL,NULL,7,2,'свободно',1700),(2150,NULL,NULL,19,2,'свободно',1700),(2151,NULL,NULL,20,2,'свободно',1700),(2152,NULL,NULL,26,2,'свободно',1700),(2153,NULL,NULL,27,2,'свободно',1700),(2154,NULL,NULL,29,2,'свободно',1700),(2155,NULL,NULL,31,2,'свободно',1700),(2156,NULL,NULL,34,2,'свободно',1700),(2157,NULL,NULL,39,2,'свободно',1700),(2158,NULL,NULL,40,2,'свободно',1700),(2159,NULL,NULL,46,2,'свободно',1700),(2160,NULL,NULL,2,3,'свободно',1700),(2161,NULL,NULL,4,3,'свободно',500),(2162,NULL,NULL,7,3,'свободно',1700),(2163,NULL,NULL,11,3,'свободно',1700),(2164,NULL,NULL,19,3,'свободно',1700),(2165,NULL,NULL,20,3,'свободно',1700),(2166,NULL,NULL,26,3,'свободно',1700),(2167,NULL,NULL,27,3,'свободно',1700),(2168,NULL,NULL,29,3,'свободно',1700),(2169,NULL,NULL,31,3,'свободно',1700),(2170,NULL,NULL,34,3,'свободно',1700),(2171,NULL,NULL,39,3,'свободно',1700),(2172,NULL,NULL,40,3,'свободно',1700),(2173,NULL,NULL,46,3,'свободно',1700),(2174,NULL,NULL,2,4,'свободно',1700),(2175,NULL,NULL,4,4,'свободно',500),(2176,NULL,NULL,7,4,'свободно',1700),(2177,NULL,NULL,11,4,'свободно',1700),(2178,NULL,NULL,19,4,'свободно',1700),(2179,NULL,NULL,20,4,'свободно',1700),(2180,NULL,NULL,26,4,'свободно',1700),(2181,NULL,NULL,27,4,'свободно',1700),(2182,NULL,NULL,29,4,'свободно',1700),(2183,NULL,NULL,31,4,'свободно',1700),(2184,NULL,NULL,34,4,'свободно',1700),(2185,NULL,NULL,39,4,'свободно',1700),(2186,NULL,NULL,40,4,'свободно',1700),(2187,NULL,NULL,46,4,'свободно',1700),(2188,NULL,NULL,2,5,'свободно',1700),(2189,NULL,NULL,4,5,'свободно',500),(2190,NULL,NULL,7,5,'свободно',1700),(2191,NULL,NULL,11,5,'свободно',1700),(2192,NULL,NULL,19,5,'свободно',1700),(2193,NULL,NULL,20,5,'свободно',1700),(2194,NULL,NULL,26,5,'свободно',1700),(2195,NULL,NULL,27,5,'свободно',1700),(2196,NULL,NULL,29,5,'свободно',1700),(2197,NULL,NULL,31,5,'свободно',1700),(2198,NULL,NULL,34,5,'свободно',1700),(2199,NULL,NULL,39,5,'свободно',1700),(2200,NULL,NULL,40,5,'свободно',1700),(2201,NULL,NULL,46,5,'свободно',1700),(2202,NULL,NULL,2,6,'свободно',1700),(2203,NULL,NULL,4,6,'свободно',500),(2204,NULL,NULL,7,6,'свободно',1700),(2205,NULL,NULL,11,6,'свободно',1700),(2206,NULL,NULL,19,6,'свободно',1700),(2207,NULL,NULL,20,6,'свободно',1700),(2208,NULL,NULL,26,6,'свободно',1700),(2209,NULL,NULL,27,6,'свободно',1700),(2210,NULL,NULL,29,6,'свободно',1700),(2211,NULL,NULL,31,6,'свободно',1700),(2212,NULL,NULL,34,6,'свободно',1700),(2213,NULL,NULL,39,6,'свободно',1700),(2214,NULL,NULL,40,6,'свободно',1700),(2215,NULL,NULL,46,6,'свободно',1700),(2216,NULL,NULL,2,7,'свободно',1700),(2217,NULL,NULL,4,7,'свободно',500),(2218,NULL,NULL,7,7,'свободно',1700),(2219,NULL,NULL,11,7,'свободно',1700),(2220,NULL,NULL,19,7,'свободно',1700),(2221,NULL,NULL,20,7,'свободно',1700),(2222,NULL,NULL,26,7,'свободно',1700),(2223,NULL,NULL,27,7,'свободно',1700),(2224,NULL,NULL,29,7,'свободно',1700),(2225,NULL,NULL,31,7,'свободно',1700),(2226,NULL,NULL,34,7,'свободно',1700),(2227,NULL,NULL,39,7,'свободно',1700),(2228,NULL,NULL,40,7,'свободно',1700),(2229,NULL,NULL,46,7,'свободно',1700),(2230,NULL,NULL,2,8,'свободно',1700),(2231,NULL,NULL,4,8,'свободно',500),(2232,NULL,NULL,7,8,'свободно',1700),(2233,NULL,NULL,11,8,'свободно',1700),(2234,NULL,NULL,19,8,'свободно',1700),(2235,NULL,NULL,20,8,'свободно',1700),(2236,NULL,NULL,26,8,'свободно',1700),(2237,NULL,NULL,27,8,'свободно',1700),(2238,NULL,NULL,29,8,'свободно',1700),(2239,NULL,NULL,31,8,'свободно',1700),(2240,NULL,NULL,34,8,'свободно',1700),(2241,NULL,NULL,39,8,'свободно',1700),(2242,NULL,NULL,40,8,'свободно',1700),(2243,NULL,NULL,46,8,'свободно',1700),(2244,NULL,NULL,2,9,'свободно',1700),(2245,NULL,NULL,4,9,'свободно',500),(2246,NULL,NULL,7,9,'свободно',1700),(2247,NULL,NULL,11,9,'свободно',1700),(2248,NULL,NULL,19,9,'свободно',1700),(2249,NULL,NULL,20,9,'свободно',1700),(2250,NULL,NULL,26,9,'свободно',1700),(2251,NULL,NULL,27,9,'свободно',1700),(2252,NULL,NULL,29,9,'свободно',1700),(2253,NULL,NULL,31,9,'свободно',1700),(2254,NULL,NULL,34,9,'свободно',1700),(2255,NULL,NULL,39,9,'свободно',1700),(2256,NULL,NULL,40,9,'свободно',1700),(2257,NULL,NULL,46,9,'свободно',1700),(2258,NULL,NULL,2,10,'свободно',1700),(2259,NULL,NULL,4,10,'свободно',500),(2260,NULL,NULL,7,10,'свободно',1700),(2261,NULL,NULL,11,10,'свободно',1700),(2262,NULL,NULL,19,10,'свободно',1700),(2263,NULL,NULL,20,10,'свободно',1700),(2264,NULL,NULL,26,10,'свободно',1700),(2265,NULL,NULL,27,10,'свободно',1700),(2266,NULL,NULL,29,10,'свободно',1700),(2267,NULL,NULL,31,10,'свободно',1700),(2268,NULL,NULL,34,10,'свободно',1700),(2269,NULL,NULL,39,10,'свободно',1700),(2270,NULL,NULL,40,10,'свободно',1700),(2271,NULL,NULL,46,10,'свободно',1700),(2272,NULL,NULL,2,11,'свободно',1700),(2273,NULL,NULL,4,11,'свободно',500),(2274,NULL,NULL,7,11,'свободно',1700),(2275,NULL,NULL,11,11,'свободно',1700),(2276,NULL,NULL,19,11,'свободно',1700),(2277,NULL,NULL,20,11,'свободно',1700),(2278,NULL,NULL,26,11,'свободно',1700),(2279,NULL,NULL,27,11,'свободно',1700),(2280,NULL,NULL,29,11,'свободно',1700),(2281,NULL,NULL,31,11,'свободно',1700),(2282,NULL,NULL,34,11,'свободно',1700),(2283,NULL,NULL,39,11,'свободно',1700),(2284,NULL,NULL,40,11,'свободно',1700),(2285,NULL,NULL,46,11,'свободно',1700),(2286,NULL,NULL,2,12,'свободно',1700),(2287,NULL,NULL,4,12,'свободно',500),(2288,NULL,NULL,7,12,'свободно',1700),(2289,NULL,NULL,11,12,'свободно',1700),(2290,NULL,NULL,19,12,'свободно',1700),(2291,NULL,NULL,20,12,'свободно',1700),(2292,NULL,NULL,26,12,'свободно',1700),(2293,NULL,NULL,27,12,'свободно',1700),(2294,NULL,NULL,29,12,'свободно',1700),(2295,NULL,NULL,31,12,'свободно',1700),(2296,NULL,NULL,34,12,'свободно',1700),(2297,NULL,NULL,39,12,'свободно',1700),(2298,NULL,NULL,40,12,'свободно',1700),(2299,NULL,NULL,46,12,'свободно',1700),(2300,NULL,NULL,2,13,'свободно',1700),(2301,NULL,NULL,4,13,'свободно',500),(2302,NULL,NULL,7,13,'свободно',1700),(2303,NULL,NULL,11,13,'свободно',1700),(2304,NULL,NULL,19,13,'свободно',1700),(2305,NULL,NULL,20,13,'свободно',1700),(2306,NULL,NULL,26,13,'свободно',1700),(2307,NULL,NULL,27,13,'свободно',1700),(2308,NULL,NULL,29,13,'свободно',1700),(2309,NULL,NULL,31,13,'свободно',1700),(2310,NULL,NULL,34,13,'свободно',1700),(2311,NULL,NULL,39,13,'свободно',1700),(2312,NULL,NULL,40,13,'свободно',1700),(2313,NULL,NULL,46,13,'свободно',1700),(2314,NULL,NULL,2,14,'свободно',1700),(2315,NULL,NULL,4,14,'свободно',500),(2316,NULL,NULL,7,14,'свободно',1700),(2317,NULL,NULL,11,14,'свободно',1700),(2318,NULL,NULL,19,14,'свободно',1700),(2319,NULL,NULL,20,14,'свободно',1700),(2320,NULL,NULL,26,14,'свободно',1700),(2321,NULL,NULL,27,14,'свободно',1700),(2322,NULL,NULL,29,14,'свободно',1700),(2323,NULL,NULL,31,14,'свободно',1700),(2324,NULL,NULL,34,14,'свободно',1700),(2325,NULL,NULL,39,14,'свободно',1700),(2326,NULL,NULL,40,14,'свободно',1700),(2327,NULL,NULL,46,14,'свободно',1700),(2328,NULL,NULL,2,15,'свободно',1700),(2329,NULL,NULL,4,15,'свободно',500),(2330,NULL,NULL,7,15,'свободно',1700),(2331,NULL,NULL,11,15,'свободно',1700),(2332,NULL,NULL,19,15,'свободно',1700),(2333,NULL,NULL,20,15,'свободно',1700),(2334,NULL,NULL,26,15,'свободно',1700),(2335,NULL,NULL,27,15,'свободно',1700),(2336,NULL,NULL,29,15,'свободно',1700),(2337,NULL,NULL,31,15,'свободно',1700),(2338,NULL,NULL,34,15,'свободно',1700),(2339,NULL,NULL,39,15,'свободно',1700),(2340,NULL,NULL,40,15,'свободно',1700),(2341,NULL,NULL,46,15,'свободно',1700),(2342,NULL,NULL,2,16,'свободно',1700),(2343,NULL,NULL,4,16,'свободно',500),(2344,NULL,NULL,7,16,'свободно',1700),(2345,NULL,NULL,11,16,'свободно',1700),(2346,NULL,NULL,19,16,'свободно',1700),(2347,NULL,NULL,20,16,'свободно',1700),(2348,NULL,NULL,26,16,'свободно',1700),(2349,NULL,NULL,27,16,'свободно',1700),(2350,NULL,NULL,29,16,'свободно',1700),(2351,NULL,NULL,31,16,'свободно',1700),(2352,NULL,NULL,34,16,'свободно',1700),(2353,NULL,NULL,39,16,'свободно',1700),(2354,NULL,NULL,40,16,'свободно',1700),(2355,NULL,NULL,46,16,'свободно',1700),(2356,NULL,NULL,2,17,'свободно',1700),(2357,NULL,NULL,4,17,'свободно',500),(2358,NULL,NULL,7,17,'свободно',1700),(2359,NULL,NULL,11,17,'свободно',1700),(2360,NULL,NULL,19,17,'свободно',1700),(2361,NULL,NULL,20,17,'свободно',1700),(2362,NULL,NULL,26,17,'свободно',1700),(2363,NULL,NULL,27,17,'свободно',1700),(2364,NULL,NULL,29,17,'свободно',1700),(2365,NULL,NULL,31,17,'свободно',1700),(2366,NULL,NULL,34,17,'свободно',1700),(2367,NULL,NULL,39,17,'свободно',1700),(2368,NULL,NULL,40,17,'свободно',1700),(2369,NULL,NULL,46,17,'свободно',1700),(2370,NULL,NULL,2,18,'свободно',1700),(2371,NULL,NULL,4,18,'свободно',500),(2372,NULL,NULL,7,18,'свободно',1700),(2373,NULL,NULL,11,18,'свободно',1700),(2374,NULL,NULL,19,18,'свободно',1700),(2375,NULL,NULL,20,18,'свободно',1700),(2376,NULL,NULL,26,18,'свободно',1700),(2377,NULL,NULL,27,18,'свободно',1700),(2378,NULL,NULL,29,18,'свободно',1700),(2379,NULL,NULL,31,18,'свободно',1700),(2380,NULL,NULL,34,18,'свободно',1700),(2381,NULL,NULL,39,18,'свободно',1700),(2382,NULL,NULL,40,18,'свободно',1700),(2383,NULL,NULL,46,18,'свободно',1700),(2384,NULL,NULL,2,19,'свободно',1700),(2385,NULL,NULL,4,19,'свободно',500),(2386,NULL,NULL,7,19,'свободно',1700),(2387,NULL,NULL,11,19,'свободно',1700),(2388,NULL,NULL,19,19,'свободно',1700),(2389,NULL,NULL,20,19,'свободно',1700),(2390,NULL,NULL,26,19,'свободно',1700),(2391,NULL,NULL,27,19,'свободно',1700),(2392,NULL,NULL,29,19,'свободно',1700),(2393,NULL,NULL,31,19,'свободно',1700),(2394,NULL,NULL,34,19,'свободно',1700),(2395,NULL,NULL,39,19,'свободно',1700),(2396,NULL,NULL,40,19,'свободно',1700),(2397,NULL,NULL,46,19,'свободно',1700),(2398,NULL,NULL,2,20,'свободно',1700),(2399,NULL,NULL,4,20,'свободно',500),(2400,NULL,NULL,7,20,'свободно',1700),(2401,NULL,NULL,11,20,'свободно',1700),(2402,NULL,NULL,19,20,'свободно',1700),(2403,NULL,NULL,20,20,'свободно',1700),(2404,NULL,NULL,26,20,'свободно',1700),(2405,NULL,NULL,27,20,'свободно',1700),(2406,NULL,NULL,29,20,'свободно',1700),(2407,NULL,NULL,31,20,'свободно',1700),(2408,NULL,NULL,34,20,'свободно',1700),(2409,NULL,NULL,39,20,'свободно',1700),(2410,NULL,NULL,40,20,'свободно',1700),(2411,NULL,NULL,46,20,'свободно',1700),(2412,NULL,NULL,2,21,'свободно',1700),(2413,NULL,NULL,4,21,'свободно',500),(2414,NULL,NULL,7,21,'свободно',1700),(2415,NULL,NULL,11,21,'свободно',1700),(2416,NULL,NULL,19,21,'свободно',1700),(2417,NULL,NULL,20,21,'свободно',1700),(2418,NULL,NULL,26,21,'свободно',1700),(2419,NULL,NULL,27,21,'свободно',1700),(2420,NULL,NULL,29,21,'свободно',1700),(2421,NULL,NULL,31,21,'свободно',1700),(2422,NULL,NULL,34,21,'свободно',1700),(2423,NULL,NULL,39,21,'свободно',1700),(2424,NULL,NULL,40,21,'свободно',1700),(2425,NULL,NULL,46,21,'свободно',1700),(2426,NULL,NULL,2,22,'свободно',1700),(2427,NULL,NULL,4,22,'свободно',500),(2428,NULL,NULL,7,22,'свободно',1700),(2429,NULL,NULL,11,22,'свободно',1700),(2430,NULL,NULL,19,22,'свободно',1700),(2431,NULL,NULL,20,22,'свободно',1700),(2432,NULL,NULL,26,22,'свободно',1700),(2433,NULL,NULL,27,22,'свободно',1700),(2434,NULL,NULL,29,22,'свободно',1700),(2435,NULL,NULL,31,22,'свободно',1700),(2436,NULL,NULL,34,22,'свободно',1700),(2437,NULL,NULL,39,22,'свободно',1700),(2438,NULL,NULL,40,22,'свободно',1700),(2439,NULL,NULL,46,22,'свободно',1700),(2440,NULL,NULL,2,23,'свободно',1700),(2441,NULL,NULL,4,23,'свободно',500),(2442,NULL,NULL,7,23,'свободно',1700),(2443,NULL,NULL,11,23,'свободно',1700),(2444,NULL,NULL,19,23,'свободно',1700),(2445,NULL,NULL,20,23,'свободно',1700),(2446,NULL,NULL,26,23,'свободно',1700),(2447,NULL,NULL,27,23,'свободно',1700),(2448,NULL,NULL,29,23,'свободно',1700),(2449,NULL,NULL,31,23,'свободно',1700),(2450,NULL,NULL,34,23,'свободно',1700),(2451,NULL,NULL,39,23,'свободно',1700),(2452,NULL,NULL,40,23,'свободно',1700),(2453,NULL,NULL,46,23,'свободно',1700),(2454,NULL,NULL,2,24,'свободно',1700),(2455,NULL,NULL,4,24,'свободно',500),(2456,NULL,NULL,7,24,'свободно',1700),(2457,NULL,NULL,11,24,'свободно',1700),(2458,NULL,NULL,19,24,'свободно',1700),(2459,NULL,NULL,20,24,'свободно',1700),(2460,NULL,NULL,26,24,'свободно',1700),(2461,NULL,NULL,27,24,'свободно',1700),(2462,NULL,NULL,29,24,'свободно',1700),(2463,NULL,NULL,31,24,'свободно',1700),(2464,NULL,NULL,34,24,'свободно',1700),(2465,NULL,NULL,39,24,'свободно',1700),(2466,NULL,NULL,40,24,'свободно',1700),(2467,NULL,NULL,46,24,'свободно',1700),(2468,NULL,NULL,2,25,'свободно',1700),(2469,NULL,NULL,4,25,'свободно',500),(2470,NULL,NULL,7,25,'свободно',1700),(2471,NULL,NULL,11,25,'свободно',1700),(2472,NULL,NULL,19,25,'свободно',1700),(2473,NULL,NULL,20,25,'свободно',1700),(2474,NULL,NULL,26,25,'свободно',1700),(2475,NULL,NULL,27,25,'свободно',1700),(2476,NULL,NULL,29,25,'свободно',1700),(2477,NULL,NULL,31,25,'свободно',1700),(2478,NULL,NULL,34,25,'свободно',1700),(2479,NULL,NULL,39,25,'свободно',1700),(2480,NULL,NULL,40,25,'свободно',1700),(2481,NULL,NULL,46,25,'свободно',1700),(2482,NULL,NULL,2,26,'свободно',1700),(2483,NULL,NULL,4,26,'свободно',500),(2484,NULL,NULL,7,26,'свободно',1700),(2485,NULL,NULL,11,26,'свободно',1700),(2486,NULL,NULL,19,26,'свободно',1700),(2487,NULL,NULL,20,26,'свободно',1700),(2488,NULL,NULL,26,26,'свободно',1700),(2489,NULL,NULL,27,26,'свободно',1700),(2490,NULL,NULL,29,26,'свободно',1700),(2491,NULL,NULL,31,26,'свободно',1700),(2492,NULL,NULL,34,26,'свободно',1700),(2493,NULL,NULL,39,26,'свободно',1700),(2494,NULL,NULL,40,26,'свободно',1700),(2495,NULL,NULL,46,26,'свободно',1700),(2496,NULL,NULL,2,27,'свободно',1700),(2497,NULL,NULL,4,27,'свободно',500),(2498,NULL,NULL,7,27,'свободно',1700),(2499,NULL,NULL,11,27,'свободно',1700),(2500,NULL,NULL,19,27,'свободно',1700),(2501,NULL,NULL,20,27,'свободно',1700),(2502,NULL,NULL,26,27,'свободно',1700),(2503,NULL,NULL,27,27,'свободно',1700),(2504,NULL,NULL,29,27,'свободно',1700),(2505,NULL,NULL,31,27,'свободно',1700),(2506,NULL,NULL,34,27,'свободно',1700),(2507,NULL,NULL,39,27,'свободно',1700),(2508,NULL,NULL,40,27,'свободно',1700),(2509,NULL,NULL,46,27,'свободно',1700),(2510,NULL,NULL,1,28,'свободно',1700),(2511,NULL,NULL,3,28,'свободно',1700),(2512,NULL,NULL,5,28,'свободно',1700),(2513,NULL,NULL,6,28,'свободно',1700),(2514,NULL,NULL,9,28,'свободно',1700),(2515,NULL,NULL,13,28,'свободно',1700),(2516,NULL,NULL,14,28,'свободно',1700),(2517,NULL,NULL,15,28,'свободно',1700),(2518,NULL,NULL,17,28,'свободно',1700),(2519,NULL,NULL,24,28,'свободно',1700),(2520,NULL,NULL,25,28,'свободно',1700),(2521,NULL,NULL,28,28,'свободно',1700),(2522,NULL,NULL,30,28,'свободно',1700),(2523,NULL,NULL,35,28,'свободно',1700),(2524,NULL,NULL,36,28,'свободно',1700),(2525,NULL,NULL,37,28,'свободно',1700),(2526,NULL,NULL,38,28,'свободно',1700),(2527,NULL,NULL,41,28,'свободно',1700),(2528,NULL,NULL,42,28,'свободно',1700),(2529,NULL,NULL,47,28,'свободно',1700),(2530,NULL,NULL,48,28,'свободно',1700),(2531,NULL,NULL,49,28,'свободно',1700),(2532,NULL,NULL,1,29,'свободно',1700),(2533,NULL,NULL,3,29,'свободно',1700),(2534,NULL,NULL,5,29,'свободно',1700),(2535,NULL,NULL,6,29,'свободно',1700),(2536,NULL,NULL,9,29,'свободно',1700),(2537,NULL,NULL,13,29,'свободно',1700),(2538,NULL,NULL,14,29,'свободно',1700),(2539,NULL,NULL,15,29,'свободно',1700),(2540,NULL,NULL,17,29,'свободно',1700),(2541,NULL,NULL,24,29,'свободно',1700),(2542,NULL,NULL,25,29,'свободно',1700),(2543,NULL,NULL,28,29,'свободно',1700),(2544,NULL,NULL,30,29,'свободно',1700),(2545,NULL,NULL,35,29,'свободно',1700),(2546,NULL,NULL,36,29,'свободно',1700),(2547,NULL,NULL,37,29,'свободно',1700),(2548,NULL,NULL,38,29,'свободно',1700),(2549,NULL,NULL,41,29,'свободно',1700),(2550,NULL,NULL,42,29,'свободно',1700),(2551,NULL,NULL,47,29,'свободно',1700),(2552,NULL,NULL,48,29,'свободно',1700),(2553,NULL,NULL,49,29,'свободно',1700),(2554,NULL,NULL,1,30,'свободно',1700),(2555,NULL,NULL,3,30,'свободно',1700),(2556,NULL,NULL,5,30,'свободно',1700),(2557,NULL,NULL,6,30,'свободно',1700),(2558,NULL,NULL,9,30,'свободно',1700),(2559,NULL,NULL,13,30,'свободно',1700),(2560,NULL,NULL,14,30,'свободно',1700),(2561,NULL,NULL,15,30,'свободно',1700),(2562,NULL,NULL,17,30,'свободно',1700),(2563,NULL,NULL,24,30,'свободно',1700),(2564,NULL,NULL,25,30,'свободно',1700),(2565,NULL,NULL,28,30,'свободно',1700),(2566,NULL,NULL,30,30,'свободно',1700),(2567,NULL,NULL,35,30,'свободно',1700),(2568,NULL,NULL,36,30,'свободно',1700),(2569,NULL,NULL,37,30,'свободно',1700),(2570,NULL,NULL,38,30,'свободно',1700),(2571,NULL,NULL,41,30,'свободно',1700),(2572,NULL,NULL,42,30,'свободно',1700),(2573,NULL,NULL,47,30,'свободно',1700),(2574,NULL,NULL,48,30,'свободно',1700),(2575,NULL,NULL,49,30,'свободно',1700),(2576,NULL,NULL,1,31,'свободно',1700),(2577,NULL,NULL,3,31,'свободно',1700),(2578,NULL,NULL,5,31,'свободно',1700),(2579,NULL,NULL,6,31,'свободно',1700),(2580,NULL,NULL,9,31,'свободно',1700),(2581,NULL,NULL,14,31,'свободно',1700),(2582,NULL,NULL,15,31,'свободно',1700),(2583,NULL,NULL,17,31,'свободно',1700),(2584,NULL,NULL,24,31,'свободно',1700),(2585,NULL,NULL,25,31,'свободно',1700),(2586,NULL,NULL,28,31,'свободно',1700),(2587,NULL,NULL,30,31,'свободно',1700),(2588,NULL,NULL,35,31,'свободно',1700),(2589,NULL,NULL,36,31,'свободно',1700),(2590,NULL,NULL,37,31,'свободно',1700),(2591,NULL,NULL,38,31,'свободно',1700),(2592,NULL,NULL,41,31,'свободно',1700),(2593,NULL,NULL,42,31,'свободно',1700),(2594,NULL,NULL,47,31,'свободно',1700),(2595,NULL,NULL,48,31,'свободно',1700),(2596,NULL,NULL,49,31,'свободно',1700),(2597,NULL,NULL,1,32,'свободно',1700),(2598,NULL,NULL,3,32,'свободно',1700),(2599,NULL,NULL,5,32,'свободно',1700),(2600,NULL,NULL,6,32,'свободно',1700),(2601,NULL,NULL,9,32,'свободно',1700),(2602,NULL,NULL,13,32,'свободно',1700),(2603,NULL,NULL,14,32,'свободно',1700),(2604,NULL,NULL,15,32,'свободно',1700),(2605,NULL,NULL,17,32,'свободно',1700),(2606,NULL,NULL,24,32,'свободно',1700),(2607,NULL,NULL,25,32,'свободно',1700),(2608,NULL,NULL,28,32,'свободно',1700),(2609,NULL,NULL,30,32,'свободно',1700),(2610,NULL,NULL,35,32,'свободно',1700),(2611,NULL,NULL,36,32,'свободно',1700),(2612,NULL,NULL,37,32,'свободно',1700),(2613,NULL,NULL,38,32,'свободно',1700),(2614,NULL,NULL,41,32,'свободно',1700),(2615,NULL,NULL,42,32,'свободно',1700),(2616,NULL,NULL,47,32,'свободно',1700),(2617,NULL,NULL,48,32,'свободно',1700),(2618,NULL,NULL,49,32,'свободно',1700),(2619,NULL,NULL,1,33,'свободно',1700),(2620,NULL,NULL,3,33,'свободно',1700),(2621,NULL,NULL,5,33,'свободно',1700),(2622,NULL,NULL,6,33,'свободно',1700),(2623,NULL,NULL,9,33,'свободно',1700),(2624,NULL,NULL,13,33,'свободно',1700),(2625,NULL,NULL,14,33,'свободно',1700),(2626,NULL,NULL,15,33,'свободно',1700),(2627,NULL,NULL,17,33,'свободно',1700),(2628,NULL,NULL,24,33,'свободно',1700),(2629,NULL,NULL,25,33,'свободно',1700),(2630,NULL,NULL,28,33,'свободно',1700),(2631,NULL,NULL,30,33,'свободно',1700),(2632,NULL,NULL,35,33,'свободно',1700),(2633,NULL,NULL,36,33,'свободно',1700),(2634,NULL,NULL,37,33,'свободно',1700),(2635,NULL,NULL,38,33,'свободно',1700),(2636,NULL,NULL,41,33,'свободно',1700),(2637,NULL,NULL,42,33,'свободно',1700),(2638,NULL,NULL,47,33,'свободно',1700),(2639,NULL,NULL,48,33,'свободно',1700),(2640,NULL,NULL,49,33,'свободно',1700),(2641,NULL,NULL,1,34,'свободно',1700),(2642,NULL,NULL,3,34,'свободно',1700),(2643,NULL,NULL,5,34,'свободно',1700),(2644,NULL,NULL,6,34,'свободно',1700),(2645,NULL,NULL,9,34,'свободно',1700),(2646,NULL,NULL,13,34,'свободно',1700),(2647,NULL,NULL,14,34,'свободно',1700),(2648,NULL,NULL,15,34,'свободно',1700),(2649,NULL,NULL,17,34,'свободно',1700),(2650,NULL,NULL,24,34,'свободно',1700),(2651,NULL,NULL,25,34,'свободно',1700),(2652,NULL,NULL,28,34,'свободно',1700),(2653,NULL,NULL,30,34,'свободно',1700),(2654,NULL,NULL,35,34,'свободно',1700),(2655,NULL,NULL,36,34,'свободно',1700),(2656,NULL,NULL,37,34,'свободно',1700),(2657,NULL,NULL,38,34,'свободно',1700),(2658,NULL,NULL,41,34,'свободно',1700),(2659,NULL,NULL,42,34,'свободно',1700),(2660,NULL,NULL,47,34,'свободно',1700),(2661,NULL,NULL,48,34,'свободно',1700),(2662,NULL,NULL,49,34,'свободно',1700),(2663,NULL,NULL,1,35,'свободно',1700),(2664,NULL,NULL,3,35,'свободно',1700),(2665,NULL,NULL,5,35,'свободно',1700),(2666,NULL,NULL,6,35,'свободно',1700),(2667,NULL,NULL,9,35,'свободно',1700),(2668,NULL,NULL,13,35,'свободно',1700),(2669,NULL,NULL,14,35,'свободно',1700),(2670,NULL,NULL,15,35,'свободно',1700),(2671,NULL,NULL,17,35,'свободно',1700),(2672,NULL,NULL,24,35,'свободно',1700),(2673,NULL,NULL,25,35,'свободно',1700),(2674,NULL,NULL,28,35,'свободно',1700),(2675,NULL,NULL,30,35,'свободно',1700),(2676,NULL,NULL,35,35,'свободно',1700),(2677,NULL,NULL,36,35,'свободно',1700),(2678,NULL,NULL,37,35,'свободно',1700),(2679,NULL,NULL,38,35,'свободно',1700),(2680,NULL,NULL,41,35,'свободно',1700),(2681,NULL,NULL,42,35,'свободно',1700),(2682,NULL,NULL,47,35,'свободно',1700),(2683,NULL,NULL,48,35,'свободно',1700),(2684,NULL,NULL,49,35,'свободно',1700),(2685,NULL,NULL,1,36,'свободно',1700),(2686,NULL,NULL,3,36,'свободно',1700),(2687,NULL,NULL,5,36,'свободно',1700),(2688,NULL,NULL,6,36,'свободно',1700),(2689,NULL,NULL,9,36,'свободно',1700),(2690,NULL,NULL,13,36,'свободно',1700),(2691,NULL,NULL,14,36,'свободно',1700),(2692,NULL,NULL,15,36,'свободно',1700),(2693,NULL,NULL,17,36,'свободно',1700),(2694,NULL,NULL,24,36,'свободно',1700),(2695,NULL,NULL,25,36,'свободно',1700),(2696,NULL,NULL,28,36,'свободно',1700),(2697,NULL,NULL,30,36,'свободно',1700),(2698,NULL,NULL,35,36,'свободно',1700),(2699,NULL,NULL,36,36,'свободно',1700),(2700,NULL,NULL,37,36,'свободно',1700),(2701,NULL,NULL,38,36,'свободно',1700),(2702,NULL,NULL,41,36,'свободно',1700),(2703,NULL,NULL,42,36,'свободно',1700),(2704,NULL,NULL,47,36,'свободно',1700),(2705,NULL,NULL,48,36,'свободно',1700),(2706,NULL,NULL,49,36,'свободно',1700),(2707,NULL,NULL,1,37,'свободно',1700),(2708,NULL,NULL,3,37,'свободно',1700),(2709,NULL,NULL,5,37,'свободно',1700),(2710,NULL,NULL,6,37,'свободно',1700),(2711,NULL,NULL,9,37,'свободно',1700),(2712,NULL,NULL,13,37,'свободно',1700),(2713,NULL,NULL,14,37,'свободно',1700),(2714,NULL,NULL,15,37,'свободно',1700),(2715,NULL,NULL,17,37,'свободно',1700),(2716,NULL,NULL,24,37,'свободно',1700),(2717,NULL,NULL,25,37,'свободно',1700),(2718,NULL,NULL,28,37,'свободно',1700),(2719,NULL,NULL,30,37,'свободно',1700),(2720,NULL,NULL,35,37,'свободно',1700),(2721,NULL,NULL,36,37,'свободно',1700),(2722,NULL,NULL,37,37,'свободно',1700),(2723,NULL,NULL,38,37,'свободно',1700),(2724,NULL,NULL,41,37,'свободно',1700),(2725,NULL,NULL,42,37,'свободно',1700),(2726,NULL,NULL,47,37,'свободно',1700),(2727,NULL,NULL,48,37,'свободно',1700),(2728,NULL,NULL,49,37,'свободно',1700),(2729,NULL,NULL,8,38,'свободно',1700),(2730,NULL,NULL,10,38,'свободно',1900),(2731,NULL,NULL,12,38,'свободно',1700),(2732,NULL,NULL,16,38,'свободно',1700),(2733,NULL,NULL,18,38,'свободно',1700),(2734,NULL,NULL,21,38,'свободно',1700),(2735,NULL,NULL,22,38,'свободно',1700),(2736,NULL,NULL,23,38,'свободно',1700),(2737,NULL,NULL,32,38,'свободно',1700),(2738,NULL,NULL,33,38,'свободно',1700),(2739,NULL,NULL,43,38,'свободно',1700),(2740,NULL,NULL,44,38,'свободно',1700),(2741,NULL,NULL,45,38,'свободно',1700),(2742,NULL,NULL,8,39,'свободно',1700),(2743,NULL,NULL,10,39,'свободно',1900),(2744,NULL,NULL,12,39,'свободно',1700),(2745,NULL,NULL,16,39,'свободно',1700),(2746,NULL,NULL,18,39,'свободно',1700),(2747,NULL,NULL,21,39,'свободно',1700),(2748,NULL,NULL,22,39,'свободно',1700),(2749,NULL,NULL,23,39,'свободно',1700),(2750,NULL,NULL,32,39,'свободно',1700),(2751,NULL,NULL,33,39,'свободно',1700),(2752,NULL,NULL,43,39,'свободно',1700),(2753,NULL,NULL,44,39,'свободно',1700),(2754,NULL,NULL,45,39,'свободно',1700),(2755,NULL,NULL,8,40,'свободно',1700),(2756,NULL,NULL,10,40,'свободно',1900),(2757,NULL,NULL,12,40,'свободно',1700),(2758,NULL,NULL,16,40,'свободно',1700),(2759,NULL,NULL,18,40,'свободно',1700),(2760,NULL,NULL,21,40,'свободно',1700),(2761,NULL,NULL,22,40,'свободно',1700),(2762,NULL,NULL,23,40,'свободно',1700),(2763,NULL,NULL,32,40,'свободно',1700),(2764,NULL,NULL,33,40,'свободно',1700),(2765,NULL,NULL,43,40,'свободно',1700),(2766,NULL,NULL,44,40,'свободно',1700),(2767,NULL,NULL,45,40,'свободно',1700),(2768,NULL,NULL,8,41,'свободно',1700),(2769,NULL,NULL,10,41,'свободно',1900),(2770,NULL,NULL,12,41,'свободно',1700),(2771,NULL,NULL,16,41,'свободно',1700),(2772,NULL,NULL,18,41,'свободно',1700),(2773,NULL,NULL,21,41,'свободно',1700),(2774,NULL,NULL,22,41,'свободно',1700),(2775,NULL,NULL,23,41,'свободно',1700),(2776,NULL,NULL,32,41,'свободно',1700),(2777,NULL,NULL,33,41,'свободно',1700),(2778,NULL,NULL,43,41,'свободно',1700),(2779,NULL,NULL,44,41,'свободно',1700),(2780,NULL,NULL,45,41,'свободно',1700),(2781,NULL,NULL,8,42,'свободно',1700),(2782,NULL,NULL,10,42,'свободно',1900),(2783,NULL,NULL,12,42,'свободно',1700),(2784,NULL,NULL,16,42,'свободно',1700),(2785,NULL,NULL,18,42,'свободно',1700),(2786,NULL,NULL,21,42,'свободно',1700),(2787,NULL,NULL,22,42,'свободно',1700),(2788,NULL,NULL,23,42,'свободно',1700),(2789,NULL,NULL,32,42,'свободно',1700),(2790,NULL,NULL,33,42,'свободно',1700),(2791,NULL,NULL,43,42,'свободно',1700),(2792,NULL,NULL,44,42,'свободно',1700),(2793,NULL,NULL,45,42,'свободно',1700),(2794,NULL,NULL,8,43,'свободно',1700),(2795,NULL,NULL,10,43,'свободно',1900),(2796,NULL,NULL,12,43,'свободно',1700),(2797,NULL,NULL,16,43,'свободно',1700),(2798,NULL,NULL,18,43,'свободно',1700),(2799,NULL,NULL,21,43,'свободно',1700),(2800,NULL,NULL,22,43,'свободно',1700),(2801,NULL,NULL,23,43,'свободно',1700),(2802,NULL,NULL,32,43,'свободно',1700),(2803,NULL,NULL,33,43,'свободно',1700),(2804,NULL,NULL,43,43,'свободно',1700),(2805,NULL,NULL,44,43,'свободно',1700),(2806,NULL,NULL,45,43,'свободно',1700),(2807,NULL,NULL,8,44,'свободно',1700),(2808,NULL,NULL,10,44,'свободно',1900),(2809,NULL,NULL,12,44,'свободно',1700),(2810,NULL,NULL,16,44,'свободно',1700),(2811,NULL,NULL,18,44,'свободно',1700),(2812,NULL,NULL,21,44,'свободно',1700),(2813,NULL,NULL,22,44,'свободно',1700),(2814,NULL,NULL,23,44,'свободно',1700),(2815,NULL,NULL,32,44,'свободно',1700),(2816,NULL,NULL,33,44,'свободно',1700),(2817,NULL,NULL,43,44,'свободно',1700),(2818,NULL,NULL,44,44,'свободно',1700),(2819,NULL,NULL,45,44,'свободно',1700),(2820,NULL,NULL,8,45,'свободно',1700),(2821,NULL,NULL,10,45,'свободно',1900),(2822,NULL,NULL,12,45,'свободно',1700),(2823,NULL,NULL,16,45,'свободно',1700),(2824,NULL,NULL,18,45,'свободно',1700),(2825,NULL,NULL,21,45,'свободно',1700),(2826,NULL,NULL,22,45,'свободно',1700),(2827,NULL,NULL,23,45,'свободно',1700),(2828,NULL,NULL,32,45,'свободно',1700),(2829,NULL,NULL,33,45,'свободно',1700),(2830,NULL,NULL,43,45,'свободно',1700),(2831,NULL,NULL,44,45,'свободно',1700),(2832,NULL,NULL,45,45,'свободно',1700),(2833,NULL,NULL,8,46,'свободно',1700),(2834,NULL,NULL,10,46,'свободно',1900),(2835,NULL,NULL,12,46,'свободно',1700),(2836,NULL,NULL,16,46,'свободно',1700),(2837,NULL,NULL,18,46,'свободно',1700),(2838,NULL,NULL,21,46,'свободно',1700),(2839,NULL,NULL,22,46,'свободно',1700),(2840,NULL,NULL,23,46,'свободно',1700),(2841,NULL,NULL,32,46,'свободно',1700),(2842,NULL,NULL,33,46,'свободно',1700),(2843,NULL,NULL,43,46,'свободно',1700),(2844,NULL,NULL,44,46,'свободно',1700),(2845,NULL,NULL,45,46,'свободно',1700),(2846,NULL,NULL,8,47,'свободно',1700),(2847,NULL,NULL,10,47,'свободно',1900),(2848,NULL,NULL,12,47,'свободно',1700),(2849,NULL,NULL,16,47,'свободно',1700),(2850,NULL,NULL,18,47,'свободно',1700),(2851,NULL,NULL,21,47,'свободно',1700),(2852,NULL,NULL,22,47,'свободно',1700),(2853,NULL,NULL,23,47,'свободно',1700),(2854,NULL,NULL,32,47,'свободно',1700),(2855,NULL,NULL,33,47,'свободно',1700),(2856,NULL,NULL,43,47,'свободно',1700),(2857,NULL,NULL,44,47,'свободно',1700),(2858,NULL,NULL,45,47,'свободно',1700),(2859,NULL,NULL,8,48,'свободно',1700),(2860,NULL,NULL,10,48,'свободно',1900),(2861,NULL,NULL,12,48,'свободно',1700),(2862,NULL,NULL,16,48,'свободно',1700),(2863,NULL,NULL,18,48,'свободно',1700),(2864,NULL,NULL,21,48,'свободно',1700),(2865,NULL,NULL,22,48,'свободно',1700),(2866,NULL,NULL,23,48,'свободно',1700),(2867,NULL,NULL,32,48,'свободно',1700),(2868,NULL,NULL,33,48,'свободно',1700),(2869,NULL,NULL,43,48,'свободно',1700),(2870,NULL,NULL,44,48,'свободно',1700),(2871,NULL,NULL,45,48,'свободно',1700),(2872,NULL,NULL,8,49,'свободно',1700),(2873,NULL,NULL,10,49,'свободно',1900),(2874,NULL,NULL,12,49,'свободно',1700),(2875,NULL,NULL,16,49,'свободно',1700),(2876,NULL,NULL,18,49,'свободно',1700),(2877,NULL,NULL,21,49,'свободно',1700),(2878,NULL,NULL,22,49,'свободно',1700),(2879,NULL,NULL,23,49,'свободно',1700),(2880,NULL,NULL,32,49,'свободно',1700),(2881,NULL,NULL,33,49,'свободно',1700),(2882,NULL,NULL,43,49,'свободно',1700),(2883,NULL,NULL,44,49,'свободно',1700),(2884,NULL,NULL,45,49,'свободно',1700),(2885,NULL,NULL,8,50,'свободно',1700),(2886,NULL,NULL,10,50,'свободно',1900),(2887,NULL,NULL,12,50,'свободно',1700),(2888,NULL,NULL,16,50,'свободно',1700),(2889,NULL,NULL,18,50,'свободно',1700),(2890,NULL,NULL,21,50,'свободно',1700),(2891,NULL,NULL,22,50,'свободно',1700),(2892,NULL,NULL,23,50,'свободно',1700),(2893,NULL,NULL,32,50,'свободно',1700),(2894,NULL,NULL,33,50,'свободно',1700),(2895,NULL,NULL,43,50,'свободно',1700),(2896,NULL,NULL,44,50,'свободно',1700),(2897,NULL,NULL,45,50,'свободно',1700),(2898,NULL,NULL,8,51,'свободно',1700),(2899,NULL,NULL,10,51,'свободно',1900),(2900,NULL,NULL,12,51,'свободно',1700),(2901,NULL,NULL,16,51,'свободно',1700),(2902,NULL,NULL,18,51,'свободно',1700),(2903,NULL,NULL,21,51,'свободно',1700),(2904,NULL,NULL,22,51,'свободно',1700),(2905,NULL,NULL,23,51,'свободно',1700),(2906,NULL,NULL,32,51,'свободно',1700),(2907,NULL,NULL,33,51,'свободно',1700),(2908,NULL,NULL,43,51,'свободно',1700),(2909,NULL,NULL,44,51,'свободно',1700),(2910,NULL,NULL,45,51,'свободно',1700),(2911,NULL,NULL,8,52,'свободно',1700),(2912,NULL,NULL,10,52,'свободно',1900),(2913,NULL,NULL,12,52,'свободно',1700),(2914,NULL,NULL,16,52,'свободно',1700),(2915,NULL,NULL,18,52,'свободно',1700),(2916,NULL,NULL,21,52,'свободно',1700),(2917,NULL,NULL,22,52,'свободно',1700),(2918,NULL,NULL,23,52,'свободно',1700),(2919,NULL,NULL,32,52,'свободно',1700),(2920,NULL,NULL,33,52,'свободно',1700),(2921,NULL,NULL,43,52,'свободно',1700),(2922,NULL,NULL,44,52,'свободно',1700),(2923,NULL,NULL,45,52,'свободно',1700),(2924,NULL,NULL,8,53,'свободно',1700),(2925,NULL,NULL,10,53,'свободно',1900),(2926,NULL,NULL,12,53,'свободно',1700),(2927,NULL,NULL,16,53,'свободно',1700),(2928,NULL,NULL,18,53,'свободно',1700),(2929,NULL,NULL,21,53,'свободно',1700),(2930,NULL,NULL,22,53,'свободно',1700),(2931,NULL,NULL,23,53,'свободно',1700),(2932,NULL,NULL,32,53,'свободно',1700),(2933,NULL,NULL,33,53,'свободно',1700),(2934,NULL,NULL,43,53,'свободно',1700),(2935,NULL,NULL,44,53,'свободно',1700),(2936,NULL,NULL,45,53,'свободно',1700),(2937,NULL,NULL,8,54,'свободно',1700),(2938,NULL,NULL,10,54,'свободно',1900),(2939,NULL,NULL,12,54,'свободно',1700),(2940,NULL,NULL,16,54,'свободно',1700),(2941,NULL,NULL,18,54,'свободно',1700),(2942,NULL,NULL,21,54,'свободно',1700),(2943,NULL,NULL,22,54,'свободно',1700),(2944,NULL,NULL,23,54,'свободно',1700),(2945,NULL,NULL,32,54,'свободно',1700),(2946,NULL,NULL,33,54,'свободно',1700),(2947,NULL,NULL,43,54,'свободно',1700),(2948,NULL,NULL,44,54,'свободно',1700),(2949,NULL,NULL,45,54,'свободно',1700),(2950,NULL,NULL,8,55,'свободно',1700),(2951,NULL,NULL,10,55,'свободно',1900),(2952,NULL,NULL,12,55,'свободно',1700),(2953,NULL,NULL,16,55,'свободно',1700),(2954,NULL,NULL,18,55,'свободно',1700),(2955,NULL,NULL,21,55,'свободно',1700),(2956,NULL,NULL,22,55,'свободно',1700),(2957,NULL,NULL,23,55,'свободно',1700),(2958,NULL,NULL,32,55,'свободно',1700),(2959,NULL,NULL,33,55,'свободно',1700),(2960,NULL,NULL,43,55,'свободно',1700),(2961,NULL,NULL,44,55,'свободно',1700),(2962,NULL,NULL,45,55,'свободно',1700),(2963,NULL,NULL,8,56,'свободно',1700),(2964,NULL,NULL,10,56,'свободно',1900),(2965,NULL,NULL,12,56,'свободно',1700),(2966,NULL,NULL,16,56,'свободно',1700),(2967,NULL,NULL,18,56,'свободно',1700),(2968,NULL,NULL,21,56,'свободно',1700),(2969,NULL,NULL,22,56,'свободно',1700),(2970,NULL,NULL,23,56,'свободно',1700),(2971,NULL,NULL,32,56,'свободно',1700),(2972,NULL,NULL,33,56,'свободно',1700),(2973,NULL,NULL,43,56,'свободно',1700),(2974,NULL,NULL,44,56,'свободно',1700),(2975,NULL,NULL,45,56,'свободно',1700),(2976,NULL,NULL,8,57,'свободно',1700),(2977,NULL,NULL,10,57,'свободно',1900),(2978,NULL,NULL,12,57,'свободно',1700),(2979,NULL,NULL,16,57,'свободно',1700),(2980,NULL,NULL,18,57,'свободно',1700),(2981,NULL,NULL,21,57,'свободно',1700),(2982,NULL,NULL,22,57,'свободно',1700),(2983,NULL,NULL,23,57,'свободно',1700),(2984,NULL,NULL,32,57,'свободно',1700),(2985,NULL,NULL,33,57,'свободно',1700),(2986,NULL,NULL,43,57,'свободно',1700),(2987,NULL,NULL,44,57,'свободно',1700),(2988,NULL,NULL,45,57,'свободно',1700),(2989,NULL,NULL,8,58,'свободно',1700),(2990,NULL,NULL,10,58,'свободно',1900),(2991,NULL,NULL,12,58,'свободно',1700),(2992,NULL,NULL,16,58,'свободно',1700),(2993,NULL,NULL,18,58,'свободно',1700),(2994,NULL,NULL,21,58,'свободно',1700),(2995,NULL,NULL,22,58,'свободно',1700),(2996,NULL,NULL,23,58,'свободно',1700),(2997,NULL,NULL,32,58,'свободно',1700),(2998,NULL,NULL,33,58,'свободно',1700),(2999,NULL,NULL,43,58,'свободно',1700),(3000,NULL,NULL,44,58,'свободно',1700),(3001,NULL,NULL,45,58,'свободно',1700),(3002,NULL,NULL,8,59,'свободно',1700),(3003,NULL,NULL,10,59,'свободно',1900),(3004,NULL,NULL,12,59,'свободно',1700),(3005,NULL,NULL,16,59,'свободно',1700),(3006,NULL,NULL,18,59,'свободно',1700),(3007,NULL,NULL,21,59,'свободно',1700),(3008,NULL,NULL,22,59,'свободно',1700),(3009,NULL,NULL,23,59,'свободно',1700),(3010,NULL,NULL,32,59,'свободно',1700),(3011,NULL,NULL,33,59,'свободно',1700),(3012,NULL,NULL,43,59,'свободно',1700),(3013,NULL,NULL,44,59,'свободно',1700),(3014,NULL,NULL,45,59,'свободно',1700),(3015,NULL,NULL,8,60,'свободно',1700),(3016,NULL,NULL,10,60,'свободно',1900),(3017,NULL,NULL,12,60,'свободно',1700),(3018,NULL,NULL,16,60,'свободно',1700),(3019,NULL,NULL,18,60,'свободно',1700),(3020,NULL,NULL,21,60,'свободно',1700),(3021,NULL,NULL,22,60,'свободно',1700),(3022,NULL,NULL,23,60,'свободно',1700),(3023,NULL,NULL,32,60,'свободно',1700),(3024,NULL,NULL,33,60,'свободно',1700),(3025,NULL,NULL,43,60,'свободно',1700),(3026,NULL,NULL,44,60,'свободно',1700),(3027,NULL,NULL,45,60,'свободно',1700),(3028,NULL,NULL,8,61,'свободно',1700),(3029,NULL,NULL,10,61,'свободно',1900),(3030,NULL,NULL,12,61,'свободно',1700),(3031,NULL,NULL,16,61,'свободно',1700),(3032,NULL,NULL,18,61,'свободно',1700),(3033,NULL,NULL,21,61,'свободно',1700),(3034,NULL,NULL,22,61,'свободно',1700),(3035,NULL,NULL,23,61,'свободно',1700),(3036,NULL,NULL,32,61,'свободно',1700),(3037,NULL,NULL,33,61,'свободно',1700),(3038,NULL,NULL,43,61,'свободно',1700),(3039,NULL,NULL,44,61,'свободно',1700),(3040,NULL,NULL,45,61,'свободно',1700),(3041,NULL,NULL,8,62,'свободно',1700),(3042,NULL,NULL,10,62,'свободно',1900),(3043,NULL,NULL,12,62,'свободно',1700),(3044,NULL,NULL,16,62,'свободно',1700),(3045,NULL,NULL,18,62,'свободно',1700),(3046,NULL,NULL,21,62,'свободно',1700),(3047,NULL,NULL,22,62,'свободно',1700),(3048,NULL,NULL,23,62,'свободно',1700),(3049,NULL,NULL,32,62,'свободно',1700),(3050,NULL,NULL,33,62,'свободно',1700),(3051,NULL,NULL,43,62,'свободно',1700),(3052,NULL,NULL,44,62,'свободно',1700),(3053,NULL,NULL,45,62,'свободно',1700),(3054,NULL,NULL,8,63,'свободно',1700),(3055,NULL,NULL,10,63,'свободно',1900),(3056,NULL,NULL,12,63,'свободно',1700),(3057,NULL,NULL,16,63,'свободно',1700),(3058,NULL,NULL,18,63,'свободно',1700),(3059,NULL,NULL,21,63,'свободно',1700),(3060,NULL,NULL,22,63,'свободно',1700),(3061,NULL,NULL,23,63,'свободно',1700),(3062,NULL,NULL,32,63,'свободно',1700),(3063,NULL,NULL,33,63,'свободно',1700),(3064,NULL,NULL,43,63,'свободно',1700),(3065,NULL,NULL,44,63,'свободно',1700),(3066,NULL,NULL,45,63,'свободно',1700),(3067,NULL,NULL,8,64,'свободно',1700),(3068,NULL,NULL,10,64,'свободно',1900),(3069,NULL,NULL,12,64,'свободно',1700),(3070,NULL,NULL,16,64,'свободно',1700),(3071,NULL,NULL,18,64,'свободно',1700),(3072,NULL,NULL,21,64,'свободно',1700),(3073,NULL,NULL,22,64,'свободно',1700),(3074,NULL,NULL,23,64,'свободно',1700),(3075,NULL,NULL,32,64,'свободно',1700),(3076,NULL,NULL,33,64,'свободно',1700),(3077,NULL,NULL,43,64,'свободно',1700),(3078,NULL,NULL,44,64,'свободно',1700),(3079,NULL,NULL,45,64,'свободно',1700),(3080,NULL,NULL,8,65,'свободно',1700),(3081,NULL,NULL,10,65,'свободно',1900),(3082,NULL,NULL,12,65,'свободно',1700),(3083,NULL,NULL,16,65,'свободно',1700),(3084,NULL,NULL,18,65,'свободно',1700),(3085,NULL,NULL,21,65,'свободно',1700),(3086,NULL,NULL,22,65,'свободно',1700),(3087,NULL,NULL,23,65,'свободно',1700),(3088,NULL,NULL,32,65,'свободно',1700),(3089,NULL,NULL,33,65,'свободно',1700),(3090,NULL,NULL,43,65,'свободно',1700),(3091,NULL,NULL,44,65,'свободно',1700),(3092,NULL,NULL,45,65,'свободно',1700),(3093,NULL,NULL,8,66,'свободно',1700),(3094,NULL,NULL,10,66,'свободно',1900),(3095,NULL,NULL,12,66,'свободно',1700),(3096,NULL,NULL,16,66,'свободно',1700),(3097,NULL,NULL,18,66,'свободно',1700),(3098,NULL,NULL,21,66,'свободно',1700),(3099,NULL,NULL,22,66,'свободно',1700),(3100,NULL,NULL,23,66,'свободно',1700),(3101,NULL,NULL,32,66,'свободно',1700),(3102,NULL,NULL,33,66,'свободно',1700),(3103,NULL,NULL,43,66,'свободно',1700),(3104,NULL,NULL,44,66,'свободно',1700),(3105,NULL,NULL,45,66,'свободно',1700),(3106,NULL,NULL,8,67,'свободно',1700),(3107,NULL,NULL,10,67,'свободно',1900),(3108,NULL,NULL,12,67,'свободно',1700),(3109,NULL,NULL,16,67,'свободно',1700),(3110,NULL,NULL,18,67,'свободно',1700),(3111,NULL,NULL,21,67,'свободно',1700),(3112,NULL,NULL,22,67,'свободно',1700),(3113,NULL,NULL,23,67,'свободно',1700),(3114,NULL,NULL,32,67,'свободно',1700),(3115,NULL,NULL,33,67,'свободно',1700),(3116,NULL,NULL,43,67,'свободно',1700),(3117,NULL,NULL,44,67,'свободно',1700),(3118,NULL,NULL,45,67,'свободно',1700),(3119,NULL,NULL,8,68,'свободно',1700),(3120,NULL,NULL,10,68,'свободно',1900),(3121,NULL,NULL,12,68,'свободно',1700),(3122,NULL,NULL,16,68,'свободно',1700),(3123,NULL,NULL,18,68,'свободно',1700),(3124,NULL,NULL,21,68,'свободно',1700),(3125,NULL,NULL,22,68,'свободно',1700),(3126,NULL,NULL,23,68,'свободно',1700),(3127,NULL,NULL,32,68,'свободно',1700),(3128,NULL,NULL,33,68,'свободно',1700),(3129,NULL,NULL,43,68,'свободно',1700),(3130,NULL,NULL,44,68,'свободно',1700),(3131,NULL,NULL,45,68,'свободно',1700),(3132,NULL,NULL,8,69,'свободно',1700),(3133,NULL,NULL,10,69,'свободно',1900),(3134,NULL,NULL,12,69,'свободно',1700),(3135,NULL,NULL,16,69,'свободно',1700),(3136,NULL,NULL,18,69,'свободно',1700),(3137,NULL,NULL,21,69,'свободно',1700),(3138,NULL,NULL,22,69,'свободно',1700),(3139,NULL,NULL,23,69,'свободно',1700),(3140,NULL,NULL,32,69,'свободно',1700),(3141,NULL,NULL,33,69,'свободно',1700),(3142,NULL,NULL,43,69,'свободно',1700),(3143,NULL,NULL,44,69,'свободно',1700),(3144,NULL,NULL,45,69,'свободно',1700),(3145,NULL,NULL,8,70,'свободно',1700),(3146,NULL,NULL,10,70,'свободно',1900),(3147,NULL,NULL,12,70,'свободно',1700),(3148,NULL,NULL,16,70,'свободно',1700),(3149,NULL,NULL,18,70,'свободно',1700),(3150,NULL,NULL,21,70,'свободно',1700),(3151,NULL,NULL,22,70,'свободно',1700),(3152,NULL,NULL,23,70,'свободно',1700),(3153,NULL,NULL,32,70,'свободно',1700),(3154,NULL,NULL,33,70,'свободно',1700),(3155,NULL,NULL,43,70,'свободно',1700),(3156,NULL,NULL,44,70,'свободно',1700),(3157,NULL,NULL,45,70,'свободно',1700),(3158,NULL,NULL,8,71,'свободно',1700),(3159,NULL,NULL,10,71,'свободно',1900),(3160,NULL,NULL,12,71,'свободно',1700),(3161,NULL,NULL,16,71,'свободно',1700),(3162,NULL,NULL,18,71,'свободно',1700),(3163,NULL,NULL,21,71,'свободно',1700),(3164,NULL,NULL,22,71,'свободно',1700),(3165,NULL,NULL,23,71,'свободно',1700),(3166,NULL,NULL,32,71,'свободно',1700),(3167,NULL,NULL,33,71,'свободно',1700),(3168,NULL,NULL,43,71,'свободно',1700),(3169,NULL,NULL,44,71,'свободно',1700),(3170,NULL,NULL,45,71,'свободно',1700),(3171,NULL,NULL,8,72,'свободно',1700),(3172,NULL,NULL,10,72,'свободно',1900),(3173,NULL,NULL,12,72,'свободно',1700),(3174,NULL,NULL,16,72,'свободно',1700),(3175,NULL,NULL,18,72,'свободно',1700),(3176,NULL,NULL,21,72,'свободно',1700),(3177,NULL,NULL,22,72,'свободно',1700),(3178,NULL,NULL,23,72,'свободно',1700),(3179,NULL,NULL,32,72,'свободно',1700),(3180,NULL,NULL,33,72,'свободно',1700),(3181,NULL,NULL,43,72,'свободно',1700),(3182,NULL,NULL,44,72,'свободно',1700),(3183,NULL,NULL,45,72,'свободно',1700),(3184,NULL,NULL,8,73,'свободно',1700),(3185,NULL,NULL,10,73,'свободно',1900),(3186,NULL,NULL,12,73,'свободно',1700),(3187,NULL,NULL,16,73,'свободно',1700),(3188,NULL,NULL,18,73,'свободно',1700),(3189,NULL,NULL,21,73,'свободно',1700),(3190,NULL,NULL,22,73,'свободно',1700),(3191,NULL,NULL,23,73,'свободно',1700),(3192,NULL,NULL,32,73,'свободно',1700),(3193,NULL,NULL,33,73,'свободно',1700),(3194,NULL,NULL,43,73,'свободно',1700),(3195,NULL,NULL,44,73,'свободно',1700),(3196,NULL,NULL,45,73,'свободно',1700),(3197,NULL,NULL,8,74,'свободно',1700),(3198,NULL,NULL,10,74,'свободно',1900),(3199,NULL,NULL,12,74,'свободно',1700),(3200,NULL,NULL,16,74,'свободно',1700),(3201,NULL,NULL,18,74,'свободно',1700),(3202,NULL,NULL,21,74,'свободно',1700),(3203,NULL,NULL,22,74,'свободно',1700),(3204,NULL,NULL,23,74,'свободно',1700),(3205,NULL,NULL,32,74,'свободно',1700),(3206,NULL,NULL,33,74,'свободно',1700),(3207,NULL,NULL,43,74,'свободно',1700),(3208,NULL,NULL,44,74,'свободно',1700),(3209,NULL,NULL,45,74,'свободно',1700),(3210,NULL,NULL,8,75,'свободно',1700),(3211,NULL,NULL,10,75,'свободно',1900),(3212,NULL,NULL,12,75,'свободно',1700),(3213,NULL,NULL,16,75,'свободно',1700),(3214,NULL,NULL,18,75,'свободно',1700),(3215,NULL,NULL,21,75,'свободно',1700),(3216,NULL,NULL,22,75,'свободно',1700),(3217,NULL,NULL,23,75,'свободно',1700),(3218,NULL,NULL,32,75,'свободно',1700),(3219,NULL,NULL,33,75,'свободно',1700),(3220,NULL,NULL,43,75,'свободно',1700),(3221,NULL,NULL,44,75,'свободно',1700),(3222,NULL,NULL,45,75,'свободно',1700),(3223,NULL,NULL,8,76,'свободно',1700),(3224,NULL,NULL,10,76,'свободно',1900),(3225,NULL,NULL,12,76,'свободно',1700),(3226,NULL,NULL,16,76,'свободно',1700),(3227,NULL,NULL,18,76,'свободно',1700),(3228,NULL,NULL,21,76,'свободно',1700),(3229,NULL,NULL,22,76,'свободно',1700),(3230,NULL,NULL,23,76,'свободно',1700),(3231,NULL,NULL,32,76,'свободно',1700),(3232,NULL,NULL,33,76,'свободно',1700),(3233,NULL,NULL,43,76,'свободно',1700),(3234,NULL,NULL,44,76,'свободно',1700),(3235,NULL,NULL,45,76,'свободно',1700),(3236,NULL,NULL,8,77,'свободно',1700),(3237,NULL,NULL,10,77,'свободно',1900),(3238,NULL,NULL,12,77,'свободно',1700),(3239,NULL,NULL,16,77,'свободно',1700),(3240,NULL,NULL,18,77,'свободно',1700),(3241,NULL,NULL,21,77,'свободно',1700),(3242,NULL,NULL,22,77,'свободно',1700),(3243,NULL,NULL,23,77,'свободно',1700),(3244,NULL,NULL,32,77,'свободно',1700),(3245,NULL,NULL,33,77,'свободно',1700),(3246,NULL,NULL,43,77,'свободно',1700),(3247,NULL,NULL,44,77,'свободно',1700),(3248,NULL,NULL,45,77,'свободно',1700),(3249,NULL,NULL,8,78,'свободно',1700),(3250,NULL,NULL,10,78,'свободно',1900),(3251,NULL,NULL,12,78,'свободно',1700),(3252,NULL,NULL,16,78,'свободно',1700),(3253,NULL,NULL,18,78,'свободно',1700),(3254,NULL,NULL,21,78,'свободно',1700),(3255,NULL,NULL,22,78,'свободно',1700),(3256,NULL,NULL,23,78,'свободно',1700),(3257,NULL,NULL,32,78,'свободно',1700),(3258,NULL,NULL,33,78,'свободно',1700),(3259,NULL,NULL,43,78,'свободно',1700),(3260,NULL,NULL,44,78,'свободно',1700),(3261,NULL,NULL,45,78,'свободно',1700),(3262,NULL,NULL,8,79,'свободно',1700),(3263,NULL,NULL,10,79,'свободно',1900),(3264,NULL,NULL,12,79,'свободно',1700),(3265,NULL,NULL,16,79,'свободно',1700),(3266,NULL,NULL,18,79,'свободно',1700),(3267,NULL,NULL,21,79,'свободно',1700),(3268,NULL,NULL,22,79,'свободно',1700),(3269,NULL,NULL,23,79,'свободно',1700),(3270,NULL,NULL,32,79,'свободно',1700),(3271,NULL,NULL,33,79,'свободно',1700),(3272,NULL,NULL,43,79,'свободно',1700),(3273,NULL,NULL,44,79,'свободно',1700),(3274,NULL,NULL,45,79,'свободно',1700),(3275,NULL,NULL,8,80,'свободно',1700),(3276,NULL,NULL,10,80,'свободно',1900),(3277,NULL,NULL,12,80,'свободно',1700),(3278,NULL,NULL,16,80,'свободно',1700),(3279,NULL,NULL,18,80,'свободно',1700),(3280,NULL,NULL,21,80,'свободно',1700),(3281,NULL,NULL,22,80,'свободно',1700),(3282,NULL,NULL,23,80,'свободно',1700),(3283,NULL,NULL,32,80,'свободно',1700),(3284,NULL,NULL,33,80,'свободно',1700),(3285,NULL,NULL,43,80,'свободно',1700),(3286,NULL,NULL,44,80,'свободно',1700),(3287,NULL,NULL,45,80,'свободно',1700),(3288,NULL,NULL,8,81,'свободно',1700),(3289,NULL,NULL,10,81,'свободно',1900),(3290,NULL,NULL,12,81,'свободно',1700),(3291,NULL,NULL,16,81,'свободно',1700),(3292,NULL,NULL,18,81,'свободно',1700),(3293,NULL,NULL,21,81,'свободно',1700),(3294,NULL,NULL,22,81,'свободно',1700),(3295,NULL,NULL,23,81,'свободно',1700),(3296,NULL,NULL,32,81,'свободно',1700),(3297,NULL,NULL,33,81,'свободно',1700),(3298,NULL,NULL,43,81,'свободно',1700),(3299,NULL,NULL,44,81,'свободно',1700),(3300,NULL,NULL,45,81,'свободно',1700),(3301,NULL,NULL,8,82,'свободно',1700),(3302,NULL,NULL,10,82,'свободно',1900),(3303,NULL,NULL,12,82,'свободно',1700),(3304,NULL,NULL,16,82,'свободно',1700),(3305,NULL,NULL,18,82,'свободно',1700),(3306,NULL,NULL,21,82,'свободно',1700),(3307,NULL,NULL,22,82,'свободно',1700),(3308,NULL,NULL,23,82,'свободно',1700),(3309,NULL,NULL,32,82,'свободно',1700),(3310,NULL,NULL,33,82,'свободно',1700),(3311,NULL,NULL,43,82,'свободно',1700),(3312,NULL,NULL,44,82,'свободно',1700),(3313,NULL,NULL,45,82,'свободно',1700),(4180,NULL,NULL,50,38,'свободно',1700),(4181,NULL,NULL,50,39,'свободно',1700),(4182,NULL,NULL,50,40,'свободно',1700),(4183,NULL,NULL,50,41,'свободно',1700),(4184,NULL,NULL,50,42,'свободно',1700),(4185,NULL,NULL,50,43,'свободно',1700),(4186,NULL,NULL,50,44,'свободно',1700),(4187,NULL,NULL,50,45,'свободно',1700),(4188,NULL,NULL,50,46,'свободно',1700),(4189,NULL,NULL,50,47,'свободно',1700),(4190,NULL,NULL,50,48,'свободно',1700),(4191,NULL,NULL,50,49,'свободно',1700),(4192,NULL,NULL,50,50,'свободно',1700),(4193,NULL,NULL,50,51,'свободно',1700),(4194,NULL,NULL,50,52,'свободно',1700),(4195,NULL,NULL,50,53,'свободно',1700),(4196,NULL,NULL,50,54,'свободно',1700),(4197,NULL,NULL,50,55,'свободно',1700),(4198,NULL,NULL,50,56,'свободно',1700),(4199,NULL,NULL,50,57,'свободно',1700),(4200,NULL,NULL,50,58,'свободно',1700),(4201,NULL,NULL,50,59,'свободно',1700),(4202,NULL,NULL,50,60,'свободно',1700),(4203,NULL,NULL,50,61,'свободно',1700),(4204,NULL,NULL,50,62,'свободно',1700),(4205,NULL,NULL,50,63,'свободно',1700),(4206,NULL,NULL,50,64,'свободно',1700),(4207,NULL,NULL,50,65,'свободно',1700),(4208,NULL,NULL,50,66,'свободно',1700),(4209,NULL,NULL,50,67,'свободно',1700),(4210,NULL,NULL,50,68,'свободно',1700),(4211,NULL,NULL,50,69,'свободно',1700),(4212,NULL,NULL,50,70,'свободно',1700),(4213,NULL,NULL,50,71,'свободно',1700),(4214,NULL,NULL,50,72,'свободно',1700),(4215,NULL,NULL,50,73,'свободно',1700),(4216,NULL,NULL,50,74,'свободно',1700),(4217,NULL,NULL,50,75,'свободно',1700),(4218,NULL,NULL,50,76,'свободно',1700),(4219,NULL,NULL,50,77,'свободно',1700),(4220,NULL,NULL,50,78,'свободно',1700),(4221,NULL,NULL,50,79,'свободно',1700),(4222,NULL,NULL,50,80,'свободно',1700),(4223,NULL,NULL,50,81,'свободно',1700),(4224,NULL,NULL,50,82,'свободно',1700);
/*!40000 ALTER TABLE `Tickets` ENABLE KEYS */;
UNLOCK TABLES;

--
-- Table structure for table `viewer`
--

DROP TABLE IF EXISTS `viewer`;
/*!40101 SET @saved_cs_client     = @@character_set_client */;
/*!50503 SET character_set_client = utf8mb4 */;
CREATE TABLE `viewer` (
  `IDviewer` int NOT NULL AUTO_INCREMENT,
  `Lastname` varchar(45) NOT NULL,
  `Viewer_Name` varchar(45) NOT NULL,
  `Middlename` varchar(45) DEFAULT NULL,
  `gender` varchar(45) NOT NULL,
  `Birthday` datetime NOT NULL,
  `login` varchar(45) NOT NULL,
  `secret` varchar(45) NOT NULL,
  PRIMARY KEY (`IDviewer`)
) ENGINE=InnoDB AUTO_INCREMENT=41 DEFAULT CHARSET=utf8mb4 COLLATE=utf8mb4_0900_ai_ci;
/*!40101 SET character_set_client = @saved_cs_client */;

--
-- Dumping data for table `viewer`
--

LOCK TABLES `viewer` WRITE;
/*!40000 ALTER TABLE `viewer` DISABLE KEYS */;
INSERT INTO `viewer` VALUES (1,'Ковалева','Александра','Владимировна','ж','1987-03-10 00:00:00','10031987@example.com','9W4yK6pL'),(2,'Попова','Екатерина','Ивановна','ж','1995-05-22 00:00:00','22051995@example.com','Tc7vS3dM'),(3,'Соколов','Дмитрий','Сергеевич','м','1982-11-04 00:00:00','04111982@example.com','2XfGq8jR'),(4,'Иванова','Ольга','Викторовна','ж','1990-07-16 00:00:00','16071990@example.com','Hb5nD1kE'),(5,'Смирнова','Анна','Александровна','ж','1988-09-28 00:00:00','28091988@example.com','6ZtLs7rB'),(6,'Никитина','Мария','Петровна','ж','1994-02-09 00:00:00','09021994@example.com','Fm9pN8cV'),(7,'Петрова','Елена','Николаевна','ж','1985-12-21 00:00:00','21121985@example.com','3JgKw4hS'),(8,'Кузнецова','Ирина','Алексеевна','ж','1993-08-03 00:00:00','03081993@example.com','Ql2vT5bD'),(9,'Лебедева','Наталья','Васильевна','ж','1989-04-15 00:00:00','15041989@example.com','Aa6dF1sP'),(10,'Григорьева','Татьяна','Сергеевна','ж','1997-06-27 00:00:00','27061997@example.com','7RtH5kLm'),(11,'Макарова','Антонина','Геннадьевна','ж','1984-12-08 00:00:00','08121984@example.com','Wf8yU2pN'),(12,'Гусева','Алёна','Владимировна','ж','1992-02-20 00:00:00','20021992@example.com','Bc4vG9jT'),(13,'Щербакова','Юлия','Андреевна','ж','1986-10-02 00:00:00','02101986@example.com','1XtR6sLz'),(14,'Белова','Ольга','Николаевна','ж','1994-08-14 00:00:00','14081994@example.com','Kd3h7bM'),(15,'Калинина','Елена','Анатольевна','ж','1998-04-26 00:00:00','26041998@example.com','Yg2vF9qS'),(16,'Логинова','Виктория','Дмитриевна','ж','1983-06-07 00:00:00','07061983@example.com','4JnK8wPc'),(17,'Рябова','Александра','Николаевна','ж','1991-08-19 00:00:00','19081991@example.com','Ee5tB6rL'),(18,'Сидорова','Нина','Владимировна','ж','1985-05-01 00:00:00','01051985@example.com','Vp1zG7aD'),(19,'Морозова','Екатерина','Андреевна','ж','1993-07-13 00:00:00','13071993@example.com','2SfT9xJk'),(20,'Крылова','Оксана','Сергеевна','ж','1989-09-25 00:00:00','25091989@example.com','Lc6vR3nM'),(21,'Иванов','Александр','Иванович','м','1996-03-11 00:00:00','11031996@example.com','8QwE4yHb'),(22,'Петров','Дмитрий','Петрович','м','1987-05-23 00:00:00','23051987@example.com','Zd5gK1jF'),(23,'Смирнов','Иван','Александрович','м','1991-11-05 00:00:00','05111991@example.com','7XtB2sLr'),(24,'Кузнецов','Виктор','Андреевич','м','1989-07-17 00:00:00','17071989@example.com','Fh3vP6kN'),(25,'Новиков','Сергей','Дмитриевич','м','1995-09-29 00:00:00','29091995@example.com','9GjT4wSf'),(26,'Федоров','Михаил','Сергеевич','м','1983-02-10 00:00:00','10021983@example.com','Rl5nY8bD'),(27,'Морозов','Андрей','Владимирович','м','1991-12-22 00:00:00','22121991@example.com','Kc2vF6pH'),(28,'Васильев','Никита','Николаевич','м','1987-08-04 00:00:00','04081987@example.com','3WtS7rJm'),(29,'Попов','Геннадий','Артемьевич','м','1993-04-16 00:00:00','16041993@example.com','Df4xG1zL'),(30,'Лебедев','Владимир','Егорович','м','1985-06-28 00:00:00','28061985@example.com','6NkT8yVc'),(31,'Козлова','Екатерина','Александровна','ж','1990-12-09 00:00:00','09121990@example.com','Jh7wB2pM'),(32,'Иванова','Ольга','Ивановна','ж','1988-02-21 00:00:00','21021988@example.com','1QsT4dRf'),(33,'Петрова','Анастасия','Петровна','ж','1996-10-03 00:00:00','03101996@example.com','Ue5vK9jL'),(34,'Сидорова','Татьяна','Сидоровна','ж','1984-08-15 00:00:00','15081984@example.com','4ZtH6wPn'),(35,'Волкова','Мария','Владимировна','ж','1992-04-27 00:00:00','27041992@example.com','Gc8yF2bS'),(36,'Кузьмина','Елена','Андреевна','ж','1998-06-08 00:00:00','08061998@example.com','2XfR7jLm'),(37,'Николаева','Надежда','Ивановна','ж','1986-08-20 00:00:00','20081986@example.com','Tl5vG9kD'),(38,'Григорьева','Алина','Григорьевна','ж','1994-05-02 00:00:00','02051994@example.com','7NtS3wVc'),(39,'Романова','Любовь','Олеговна','ж','1982-07-14 00:00:00','14071982@example.com','Wb4yK1pH'),(40,'Максимова','Ирина','Максимовна','ж','1990-09-26 00:00:00','26091990@example.com','Fd6vT8rM');
/*!40000 ALTER TABLE `viewer` ENABLE KEYS */;
UNLOCK TABLES;

--
-- Temporary view structure for view `информация о выступлении`
--

DROP TABLE IF EXISTS `информация о выступлении`;
/*!50001 DROP VIEW IF EXISTS `информация о выступлении`*/;
SET @saved_cs_client     = @@character_set_client;
/*!50503 SET character_set_client = utf8mb4 */;
/*!50001 CREATE VIEW `информация о выступлении` AS SELECT 
 1 AS `IDperformance`,
 1 AS `Date_of_performance`,
 1 AS `Timestart`,
 1 AS `Timeend`,
 1 AS `performancetype`,
 1 AS `IDarea`,
 1 AS `Area`,
 1 AS `address`,
 1 AS `Name_of_Show`*/;
SET character_set_client = @saved_cs_client;

--
-- Temporary view structure for view `специализация артистов`
--

DROP TABLE IF EXISTS `специализация артистов`;
/*!50001 DROP VIEW IF EXISTS `специализация артистов`*/;
SET @saved_cs_client     = @@character_set_client;
/*!50503 SET character_set_client = utf8mb4 */;
/*!50001 CREATE VIEW `специализация артистов` AS SELECT 
 1 AS `IDemployee`,
 1 AS `LastName`,
 1 AS `Name2`,
 1 AS `Middlename`,
 1 AS `specialization`*/;
SET character_set_client = @saved_cs_client;

--
-- Temporary view structure for view `цена билета на постановку`
--

DROP TABLE IF EXISTS `цена билета на постановку`;
/*!50001 DROP VIEW IF EXISTS `цена билета на постановку`*/;
SET @saved_cs_client     = @@character_set_client;
/*!50503 SET character_set_client = utf8mb4 */;
/*!50001 CREATE VIEW `цена билета на постановку` AS SELECT 
 1 AS `Название_постановки`,
 1 AS `IDperformance`,
 1 AS `IDticket`,
 1 AS `Цена`*/;
SET character_set_client = @saved_cs_client;

--
-- Dumping events for database 'circus2'
--

--
-- Dumping routines for database 'circus2'
--
/*!50003 DROP FUNCTION IF EXISTS `calculate_occupancy_rate` */;
/*!50003 SET @saved_cs_client      = @@character_set_client */ ;
/*!50003 SET @saved_cs_results     = @@character_set_results */ ;
/*!50003 SET @saved_col_connection = @@collation_connection */ ;
/*!50003 SET character_set_client  = utf8mb4 */ ;
/*!50003 SET character_set_results = utf8mb4 */ ;
/*!50003 SET collation_connection  = utf8mb4_0900_ai_ci */ ;
/*!50003 SET @saved_sql_mode       = @@sql_mode */ ;
/*!50003 SET sql_mode              = 'ONLY_FULL_GROUP_BY,STRICT_TRANS_TABLES,NO_ZERO_IN_DATE,NO_ZERO_DATE,ERROR_FOR_DIVISION_BY_ZERO,NO_ENGINE_SUBSTITUTION' */ ;
DELIMITER ;;
CREATE DEFINER=`root`@`localhost` FUNCTION `calculate_occupancy_rate`(idperformance BIGINT) RETURNS decimal(5,2)
    DETERMINISTIC
BEGIN
    DECLARE total_seats INT;
    DECLARE occupied_seats INT;
    DECLARE occupancy_rate DECIMAL(5, 2);

    SELECT COUNT(*)
    INTO total_seats
    FROM seat
    INNER JOIN row1 ON seat.IDrow = row1.IDrow
    INNER JOIN area ON row1.IDarea = area.IDarea
    INNER JOIN performance ON area.IDarea = performance.IDarea
    WHERE performance.IDperformance = idperformance;

    SELECT COUNT(*)
    INTO occupied_seats
    FROM tickets
    WHERE tickets.IDperformance = idperformance
    AND (tickets.status1 = 'оплачено');

    SET occupancy_rate = (occupied_seats / total_seats) * 100;

    RETURN occupancy_rate;
END ;;
DELIMITER ;
/*!50003 SET sql_mode              = @saved_sql_mode */ ;
/*!50003 SET character_set_client  = @saved_cs_client */ ;
/*!50003 SET character_set_results = @saved_cs_results */ ;
/*!50003 SET collation_connection  = @saved_col_connection */ ;
/*!50003 DROP FUNCTION IF EXISTS `Процент заполненности зала` */;
/*!50003 SET @saved_cs_client      = @@character_set_client */ ;
/*!50003 SET @saved_cs_results     = @@character_set_results */ ;
/*!50003 SET @saved_col_connection = @@collation_connection */ ;
/*!50003 SET character_set_client  = utf8mb4 */ ;
/*!50003 SET character_set_results = utf8mb4 */ ;
/*!50003 SET collation_connection  = utf8mb4_0900_ai_ci */ ;
/*!50003 SET @saved_sql_mode       = @@sql_mode */ ;
/*!50003 SET sql_mode              = 'ONLY_FULL_GROUP_BY,STRICT_TRANS_TABLES,NO_ZERO_IN_DATE,NO_ZERO_DATE,ERROR_FOR_DIVISION_BY_ZERO,NO_ENGINE_SUBSTITUTION' */ ;
DELIMITER ;;
CREATE DEFINER=`root`@`localhost` FUNCTION `Процент заполненности зала`(idperformance BIGINT) RETURNS decimal(5,2)
    DETERMINISTIC
BEGIN
    DECLARE total_seats INT;
    DECLARE occupied_seats INT;
    DECLARE occupancy_rate DECIMAL(5, 2);

    SELECT COUNT(*)
    INTO total_seats
    FROM seat
    INNER JOIN row1 ON seat.IDrow = row1.IDrow
    INNER JOIN area ON row1.IDarea = area.IDarea
    INNER JOIN performance ON area.IDarea = performance.IDarea
    WHERE performance.IDperformance = idperformance;

    SELECT COUNT(*)
    INTO occupied_seats
    FROM tickets
    WHERE tickets.IDperformance = idperformance
    AND (tickets.status1 = 'оплачено');

    SET occupancy_rate = (occupied_seats / total_seats) * 100;

    RETURN occupancy_rate;
END ;;
DELIMITER ;
/*!50003 SET sql_mode              = @saved_sql_mode */ ;
/*!50003 SET character_set_client  = @saved_cs_client */ ;
/*!50003 SET character_set_results = @saved_cs_results */ ;
/*!50003 SET collation_connection  = @saved_col_connection */ ;
/*!50003 DROP FUNCTION IF EXISTS `Рассчитать стоимость билета` */;
/*!50003 SET @saved_cs_client      = @@character_set_client */ ;
/*!50003 SET @saved_cs_results     = @@character_set_results */ ;
/*!50003 SET @saved_col_connection = @@collation_connection */ ;
/*!50003 SET character_set_client  = utf8mb4 */ ;
/*!50003 SET character_set_results = utf8mb4 */ ;
/*!50003 SET collation_connection  = utf8mb4_0900_ai_ci */ ;
/*!50003 SET @saved_sql_mode       = @@sql_mode */ ;
/*!50003 SET sql_mode              = 'ONLY_FULL_GROUP_BY,STRICT_TRANS_TABLES,NO_ZERO_IN_DATE,NO_ZERO_DATE,ERROR_FOR_DIVISION_BY_ZERO,NO_ENGINE_SUBSTITUTION' */ ;
DELIMITER ;;
CREATE DEFINER=`root`@`localhost` FUNCTION `Рассчитать стоимость билета`(idperformance int,idticketcategory int) RETURNS int
    DETERMINISTIC
BEGIN 
declare price integer;
set price = (select p.baseprice * (1 - tc.description1) 
from performance as p, ticket_category as tc where p.idperformance = idperformance and tc.idticketcategory = idticketcategory);
RETURN price;
END ;;
DELIMITER ;
/*!50003 SET sql_mode              = @saved_sql_mode */ ;
/*!50003 SET character_set_client  = @saved_cs_client */ ;
/*!50003 SET character_set_results = @saved_cs_results */ ;
/*!50003 SET collation_connection  = @saved_col_connection */ ;
/*!50003 DROP FUNCTION IF EXISTS `Рассчитать_стоимость_билета` */;
/*!50003 SET @saved_cs_client      = @@character_set_client */ ;
/*!50003 SET @saved_cs_results     = @@character_set_results */ ;
/*!50003 SET @saved_col_connection = @@collation_connection */ ;
/*!50003 SET character_set_client  = utf8mb4 */ ;
/*!50003 SET character_set_results = utf8mb4 */ ;
/*!50003 SET collation_connection  = utf8mb4_0900_ai_ci */ ;
/*!50003 SET @saved_sql_mode       = @@sql_mode */ ;
/*!50003 SET sql_mode              = 'ONLY_FULL_GROUP_BY,STRICT_TRANS_TABLES,NO_ZERO_IN_DATE,NO_ZERO_DATE,ERROR_FOR_DIVISION_BY_ZERO,NO_ENGINE_SUBSTITUTION' */ ;
DELIMITER ;;
CREATE DEFINER=`root`@`localhost` FUNCTION `Рассчитать_стоимость_билета`(idticket int,idticketcategory int) RETURNS int
    DETERMINISTIC
BEGIN 
declare price integer;
set price = (select p.price * (1 - tc.description1) 
from tickets as p, ticket_category as tc where p.idticket = idticket and tc.idticketcategory = idticketcategory);
RETURN price;
END ;;
DELIMITER ;
/*!50003 SET sql_mode              = @saved_sql_mode */ ;
/*!50003 SET character_set_client  = @saved_cs_client */ ;
/*!50003 SET character_set_results = @saved_cs_results */ ;
/*!50003 SET collation_connection  = @saved_col_connection */ ;
/*!50003 DROP PROCEDURE IF EXISTS `GetPerformancesAndRehearsals` */;
/*!50003 SET @saved_cs_client      = @@character_set_client */ ;
/*!50003 SET @saved_cs_results     = @@character_set_results */ ;
/*!50003 SET @saved_col_connection = @@collation_connection */ ;
/*!50003 SET character_set_client  = utf8mb4 */ ;
/*!50003 SET character_set_results = utf8mb4 */ ;
/*!50003 SET collation_connection  = utf8mb4_0900_ai_ci */ ;
/*!50003 SET @saved_sql_mode       = @@sql_mode */ ;
/*!50003 SET sql_mode              = 'ONLY_FULL_GROUP_BY,STRICT_TRANS_TABLES,NO_ZERO_IN_DATE,NO_ZERO_DATE,ERROR_FOR_DIVISION_BY_ZERO,NO_ENGINE_SUBSTITUTION' */ ;
DELIMITER ;;
CREATE DEFINER=`root`@`localhost` PROCEDURE `GetPerformancesAndRehearsals`()
BEGIN
    SELECT P.IDperformance, P.Date1, P.Timestart,
	CASE P.performancetype 
             WHEN 'репетиция' THEN 'репетиция'
             ELSE 'выступление'
           END as type1,
           PL.name1 as area, PL.address, G.name5 as city
    FROM Performance as P
    INNER JOIN area as PL ON P.idarea = PL.idarea
    INNER JOIN city as G ON PL.idcity = G.idcity
    WHERE P.Date1 >= CURDATE();
END ;;
DELIMITER ;
/*!50003 SET sql_mode              = @saved_sql_mode */ ;
/*!50003 SET character_set_client  = @saved_cs_client */ ;
/*!50003 SET character_set_results = @saved_cs_results */ ;
/*!50003 SET collation_connection  = @saved_col_connection */ ;
/*!50003 DROP PROCEDURE IF EXISTS `GetPerformancesForArtist` */;
/*!50003 SET @saved_cs_client      = @@character_set_client */ ;
/*!50003 SET @saved_cs_results     = @@character_set_results */ ;
/*!50003 SET @saved_col_connection = @@collation_connection */ ;
/*!50003 SET character_set_client  = utf8mb4 */ ;
/*!50003 SET character_set_results = utf8mb4 */ ;
/*!50003 SET collation_connection  = utf8mb4_0900_ai_ci */ ;
/*!50003 SET @saved_sql_mode       = @@sql_mode */ ;
/*!50003 SET sql_mode              = 'ONLY_FULL_GROUP_BY,STRICT_TRANS_TABLES,NO_ZERO_IN_DATE,NO_ZERO_DATE,ERROR_FOR_DIVISION_BY_ZERO,NO_ENGINE_SUBSTITUTION' */ ;
DELIMITER ;;
CREATE DEFINER=`root`@`localhost` PROCEDURE `GetPerformancesForArtist`(IN IDemployee INT)
BEGIN
  SELECT 
    P.IDperformance AS "ID выступления",
    P.Date1 AS "Дата",
    P.Timestart AS "Время",
    P.performancetype AS "Тип выступления",
    Pl.name1 AS "Название площадки",
    Pl.Address AS "Адрес площадки",
    Ps.name4 AS "Постановка",
    A.Lastname AS "Фамилия артиста",
    A.Name2 AS "Имя артиста",
    A.Middlename AS "Отчество артиста"
  FROM performance AS P
  JOIN area AS Pl ON P.IDarea = Pl.IDarea
  JOIN show1 AS Ps ON P.IDshow = Ps.idshow
  JOIN performingartists AS PA ON P.IDperformance = PA.IDperformance
  JOIN artists AS A ON PA.IDemployee = A.IDemployee
  WHERE A.IDemployee = IDemployee
  ORDER BY P.Date1, P.Timestart;
END ;;
DELIMITER ;
/*!50003 SET sql_mode              = @saved_sql_mode */ ;
/*!50003 SET character_set_client  = @saved_cs_client */ ;
/*!50003 SET character_set_results = @saved_cs_results */ ;
/*!50003 SET collation_connection  = @saved_col_connection */ ;
/*!50003 DROP PROCEDURE IF EXISTS `GetTicketInfoForViewer` */;
/*!50003 SET @saved_cs_client      = @@character_set_client */ ;
/*!50003 SET @saved_cs_results     = @@character_set_results */ ;
/*!50003 SET @saved_col_connection = @@collation_connection */ ;
/*!50003 SET character_set_client  = utf8mb4 */ ;
/*!50003 SET character_set_results = utf8mb4 */ ;
/*!50003 SET collation_connection  = utf8mb4_0900_ai_ci */ ;
/*!50003 SET @saved_sql_mode       = @@sql_mode */ ;
/*!50003 SET sql_mode              = 'ONLY_FULL_GROUP_BY,STRICT_TRANS_TABLES,NO_ZERO_IN_DATE,NO_ZERO_DATE,ERROR_FOR_DIVISION_BY_ZERO,NO_ENGINE_SUBSTITUTION' */ ;
DELIMITER ;;
CREATE DEFINER=`root`@`localhost` PROCEDURE `GetTicketInfoForViewer`(in Idviewer INT)
BEGIN
    SELECT 
        E.IDperformance,
        E.Date1,
        E.timestart,
        P.name4 AS show1,
        P.director,
        P.productiondesigner,
        P.conductor,
        P.author,
        G.name7 AS genre,
        E.performancetype,
		R.rownumber AS rownumber,
        M.seatnumber AS seatnumber,
        T.IDcategory,
        C.name6 AS ticket_category,
        C.description1 AS description1,
        T.status1,
        T.price,
        `Рассчитать_стоимость_билета`( t.idticket,T.IDcategory) as discount_price
    FROM Tickets T
    JOIN seat M ON T.IDseat = M.IDseat
    JOIN row1 R ON M.IDrow = R.IDrow
    JOIN performance E ON T.IDperformance = E.IDperformance
    JOIN show1 P ON E.IDshow = P.IDshow
    JOIN genre G ON P.IDgenre = G.IDgenre
    JOIN ticket_category C ON T.IDcategory = C.IDticketcategory
    WHERE T.IDviewer = idviewer;
END ;;
DELIMITER ;
/*!50003 SET sql_mode              = @saved_sql_mode */ ;
/*!50003 SET character_set_client  = @saved_cs_client */ ;
/*!50003 SET character_set_results = @saved_cs_results */ ;
/*!50003 SET collation_connection  = @saved_col_connection */ ;
/*!50003 DROP PROCEDURE IF EXISTS `get_available_seats` */;
/*!50003 SET @saved_cs_client      = @@character_set_client */ ;
/*!50003 SET @saved_cs_results     = @@character_set_results */ ;
/*!50003 SET @saved_col_connection = @@collation_connection */ ;
/*!50003 SET character_set_client  = utf8mb4 */ ;
/*!50003 SET character_set_results = utf8mb4 */ ;
/*!50003 SET collation_connection  = utf8mb4_0900_ai_ci */ ;
/*!50003 SET @saved_sql_mode       = @@sql_mode */ ;
/*!50003 SET sql_mode              = 'ONLY_FULL_GROUP_BY,STRICT_TRANS_TABLES,NO_ZERO_IN_DATE,NO_ZERO_DATE,ERROR_FOR_DIVISION_BY_ZERO,NO_ENGINE_SUBSTITUTION' */ ;
DELIMITER ;;
CREATE DEFINER=`root`@`localhost` PROCEDURE `get_available_seats`(idperformance BIGINT)
BEGIN
    SELECT seat.IDseat, row1.IDrow, tickets.price
    FROM seat
    INNER JOIN row1 ON seat.IDrow = row1.IDrow
    INNER JOIN tickets ON seat.IDseat = tickets.IDseat
    WHERE tickets.IDperformance = idperformance
    AND (tickets.status1 = 'не оплачен');
END ;;
DELIMITER ;
/*!50003 SET sql_mode              = @saved_sql_mode */ ;
/*!50003 SET character_set_client  = @saved_cs_client */ ;
/*!50003 SET character_set_results = @saved_cs_results */ ;
/*!50003 SET collation_connection  = @saved_col_connection */ ;
/*!50003 DROP PROCEDURE IF EXISTS `Афифа репетиций и выступлений` */;
/*!50003 SET @saved_cs_client      = @@character_set_client */ ;
/*!50003 SET @saved_cs_results     = @@character_set_results */ ;
/*!50003 SET @saved_col_connection = @@collation_connection */ ;
/*!50003 SET character_set_client  = utf8mb4 */ ;
/*!50003 SET character_set_results = utf8mb4 */ ;
/*!50003 SET collation_connection  = utf8mb4_0900_ai_ci */ ;
/*!50003 SET @saved_sql_mode       = @@sql_mode */ ;
/*!50003 SET sql_mode              = 'ONLY_FULL_GROUP_BY,STRICT_TRANS_TABLES,NO_ZERO_IN_DATE,NO_ZERO_DATE,ERROR_FOR_DIVISION_BY_ZERO,NO_ENGINE_SUBSTITUTION' */ ;
DELIMITER ;;
CREATE DEFINER=`root`@`localhost` PROCEDURE `Афифа репетиций и выступлений`()
BEGIN
    SELECT P.IDperformance, P.Date1, P.Timestart,
	CASE P.performancetype 
             WHEN 'репетиция' THEN 'репетиция'
             ELSE 'выступление'
           END as type1,
           PL.name1 as area, PL.address, G.name5 as city
    FROM Performance as P
    INNER JOIN area as PL ON P.idarea = PL.idarea
    INNER JOIN city as G ON PL.idcity = G.idcity
    WHERE P.Date1 >= CURDATE();
END ;;
DELIMITER ;
/*!50003 SET sql_mode              = @saved_sql_mode */ ;
/*!50003 SET character_set_client  = @saved_cs_client */ ;
/*!50003 SET character_set_results = @saved_cs_results */ ;
/*!50003 SET collation_connection  = @saved_col_connection */ ;
/*!50003 DROP PROCEDURE IF EXISTS `Афиша выступлений` */;
/*!50003 SET @saved_cs_client      = @@character_set_client */ ;
/*!50003 SET @saved_cs_results     = @@character_set_results */ ;
/*!50003 SET @saved_col_connection = @@collation_connection */ ;
/*!50003 SET character_set_client  = utf8mb4 */ ;
/*!50003 SET character_set_results = utf8mb4 */ ;
/*!50003 SET collation_connection  = utf8mb4_0900_ai_ci */ ;
/*!50003 SET @saved_sql_mode       = @@sql_mode */ ;
/*!50003 SET sql_mode              = 'ONLY_FULL_GROUP_BY,STRICT_TRANS_TABLES,NO_ZERO_IN_DATE,NO_ZERO_DATE,ERROR_FOR_DIVISION_BY_ZERO,NO_ENGINE_SUBSTITUTION' */ ;
DELIMITER ;;
CREATE DEFINER=`root`@`localhost` PROCEDURE `Афиша выступлений`()
BEGIN
    SELECT P.IDperformance, P.Date1, P.Timestart,
	CASE P.performancetype 
             WHEN 'репетиция' THEN 'репетиция'
             ELSE 'выступление'
           END as type1,
           PL.name1 as area, PL.address, G.name5 as city
    FROM Performance as P
    INNER JOIN area as PL ON P.idarea = PL.idarea
    INNER JOIN city as G ON PL.idcity = G.idcity
    WHERE P.Date1 >= CURDATE();
END ;;
DELIMITER ;
/*!50003 SET sql_mode              = @saved_sql_mode */ ;
/*!50003 SET character_set_client  = @saved_cs_client */ ;
/*!50003 SET character_set_results = @saved_cs_results */ ;
/*!50003 SET collation_connection  = @saved_col_connection */ ;
/*!50003 DROP PROCEDURE IF EXISTS `Афиша репетиций и выступлений` */;
/*!50003 SET @saved_cs_client      = @@character_set_client */ ;
/*!50003 SET @saved_cs_results     = @@character_set_results */ ;
/*!50003 SET @saved_col_connection = @@collation_connection */ ;
/*!50003 SET character_set_client  = utf8mb4 */ ;
/*!50003 SET character_set_results = utf8mb4 */ ;
/*!50003 SET collation_connection  = utf8mb4_0900_ai_ci */ ;
/*!50003 SET @saved_sql_mode       = @@sql_mode */ ;
/*!50003 SET sql_mode              = 'ONLY_FULL_GROUP_BY,STRICT_TRANS_TABLES,NO_ZERO_IN_DATE,NO_ZERO_DATE,ERROR_FOR_DIVISION_BY_ZERO,NO_ENGINE_SUBSTITUTION' */ ;
DELIMITER ;;
CREATE DEFINER=`root`@`localhost` PROCEDURE `Афиша репетиций и выступлений`()
BEGIN
    SELECT P.IDperformance, P.Date1, P.Timestart,
	CASE P.performancetype 
             WHEN 'репетиция' THEN 'репетиция'
             ELSE 'выступление'
           END as type1,
           PL.name1 as area, PL.address, G.name5 as city
    FROM Performance as P
    INNER JOIN area as PL ON P.idarea = PL.idarea
    INNER JOIN city as G ON PL.idcity = G.idcity
    WHERE P.Date1 >= CURDATE();
END ;;
DELIMITER ;
/*!50003 SET sql_mode              = @saved_sql_mode */ ;
/*!50003 SET character_set_client  = @saved_cs_client */ ;
/*!50003 SET character_set_results = @saved_cs_results */ ;
/*!50003 SET collation_connection  = @saved_col_connection */ ;
/*!50003 DROP PROCEDURE IF EXISTS `Информация о купленном билете` */;
/*!50003 SET @saved_cs_client      = @@character_set_client */ ;
/*!50003 SET @saved_cs_results     = @@character_set_results */ ;
/*!50003 SET @saved_col_connection = @@collation_connection */ ;
/*!50003 SET character_set_client  = utf8mb4 */ ;
/*!50003 SET character_set_results = utf8mb4 */ ;
/*!50003 SET collation_connection  = utf8mb4_0900_ai_ci */ ;
/*!50003 SET @saved_sql_mode       = @@sql_mode */ ;
/*!50003 SET sql_mode              = 'ONLY_FULL_GROUP_BY,STRICT_TRANS_TABLES,NO_ZERO_IN_DATE,NO_ZERO_DATE,ERROR_FOR_DIVISION_BY_ZERO,NO_ENGINE_SUBSTITUTION' */ ;
DELIMITER ;;
CREATE DEFINER=`root`@`localhost` PROCEDURE `Информация о купленном билете`(in Idviewer INT)
BEGIN
    SELECT 
        E.IDperformance,
        E.Date1,
        E.timestart,
        P.name4 AS show1,
        P.director,
        P.productiondesigner,
        P.conductor,
        P.author,
        G.name7 AS genre,
        E.performancetype,
		R.rownumber AS rownumber,
        M.seatnumber AS seatnumber,
        T.IDcategory,
        C.name6 AS ticket_category,
        C.description1 AS description1,
        T.status1,
        T.price,
        `Рассчитать_стоимость_билета`( t.idticket,T.IDcategory) as discount_price
    FROM Tickets T
    JOIN seat M ON T.IDseat = M.IDseat
    JOIN row1 R ON M.IDrow = R.IDrow
    JOIN performance E ON T.IDperformance = E.IDperformance
    JOIN show1 P ON E.IDshow = P.IDshow
    JOIN genre G ON P.IDgenre = G.IDgenre
    JOIN ticket_category C ON T.IDcategory = C.IDticketcategory
    WHERE T.IDviewer = idviewer;
END ;;
DELIMITER ;
/*!50003 SET sql_mode              = @saved_sql_mode */ ;
/*!50003 SET character_set_client  = @saved_cs_client */ ;
/*!50003 SET character_set_results = @saved_cs_results */ ;
/*!50003 SET collation_connection  = @saved_col_connection */ ;
/*!50003 DROP PROCEDURE IF EXISTS `Расписание репетиций и выступлений для актера` */;
/*!50003 SET @saved_cs_client      = @@character_set_client */ ;
/*!50003 SET @saved_cs_results     = @@character_set_results */ ;
/*!50003 SET @saved_col_connection = @@collation_connection */ ;
/*!50003 SET character_set_client  = utf8mb4 */ ;
/*!50003 SET character_set_results = utf8mb4 */ ;
/*!50003 SET collation_connection  = utf8mb4_0900_ai_ci */ ;
/*!50003 SET @saved_sql_mode       = @@sql_mode */ ;
/*!50003 SET sql_mode              = 'ONLY_FULL_GROUP_BY,STRICT_TRANS_TABLES,NO_ZERO_IN_DATE,NO_ZERO_DATE,ERROR_FOR_DIVISION_BY_ZERO,NO_ENGINE_SUBSTITUTION' */ ;
DELIMITER ;;
CREATE DEFINER=`root`@`localhost` PROCEDURE `Расписание репетиций и выступлений для актера`(IN IDemployee INT)
BEGIN
  SELECT 
    P.IDperformance AS "ID выступления",
    P.Date1 AS "Дата",
    P.Timestart AS "Время",
    P.performancetype AS "Тип выступления",
    Pl.name1 AS "Название площадки",
    Pl.Address AS "Адрес площадки",
    Ps.name4 AS "Постановка",
    A.Lastname AS "Фамилия артиста",
    A.Name2 AS "Имя артиста",
    A.Middlename AS "Отчество артиста"
  FROM performance AS P
  JOIN area AS Pl ON P.IDarea = Pl.IDarea
  JOIN show1 AS Ps ON P.IDshow = Ps.idshow
  JOIN performingartists AS PA ON P.IDperformance = PA.IDperformance
  JOIN artists AS A ON PA.IDemployee = A.IDemployee
  WHERE A.IDemployee = IDemployee
  ORDER BY P.Date1, P.Timestart;
END ;;
DELIMITER ;
/*!50003 SET sql_mode              = @saved_sql_mode */ ;
/*!50003 SET character_set_client  = @saved_cs_client */ ;
/*!50003 SET character_set_results = @saved_cs_results */ ;
/*!50003 SET collation_connection  = @saved_col_connection */ ;
/*!50003 DROP PROCEDURE IF EXISTS `Свободные места` */;
/*!50003 SET @saved_cs_client      = @@character_set_client */ ;
/*!50003 SET @saved_cs_results     = @@character_set_results */ ;
/*!50003 SET @saved_col_connection = @@collation_connection */ ;
/*!50003 SET character_set_client  = utf8mb4 */ ;
/*!50003 SET character_set_results = utf8mb4 */ ;
/*!50003 SET collation_connection  = utf8mb4_0900_ai_ci */ ;
/*!50003 SET @saved_sql_mode       = @@sql_mode */ ;
/*!50003 SET sql_mode              = 'ONLY_FULL_GROUP_BY,STRICT_TRANS_TABLES,NO_ZERO_IN_DATE,NO_ZERO_DATE,ERROR_FOR_DIVISION_BY_ZERO,NO_ENGINE_SUBSTITUTION' */ ;
DELIMITER ;;
CREATE DEFINER=`root`@`localhost` PROCEDURE `Свободные места`(idperformance BIGINT)
BEGIN
    SELECT seat.IDseat, row1.IDrow, tickets.price
    FROM seat
    INNER JOIN row1 ON seat.IDrow = row1.IDrow
    INNER JOIN tickets ON seat.IDseat = tickets.IDseat
    WHERE tickets.IDperformance = idperformance
    AND (tickets.status1 = 'свободно');
END ;;
DELIMITER ;
/*!50003 SET sql_mode              = @saved_sql_mode */ ;
/*!50003 SET character_set_client  = @saved_cs_client */ ;
/*!50003 SET character_set_results = @saved_cs_results */ ;
/*!50003 SET collation_connection  = @saved_col_connection */ ;

--
-- Final view structure for view `информация о выступлении`
--

/*!50001 DROP VIEW IF EXISTS `информация о выступлении`*/;
/*!50001 SET @saved_cs_client          = @@character_set_client */;
/*!50001 SET @saved_cs_results         = @@character_set_results */;
/*!50001 SET @saved_col_connection     = @@collation_connection */;
/*!50001 SET character_set_client      = utf8mb4 */;
/*!50001 SET character_set_results     = utf8mb4 */;
/*!50001 SET collation_connection      = utf8mb4_0900_ai_ci */;
/*!50001 CREATE ALGORITHM=UNDEFINED */
/*!50013 DEFINER=`root`@`localhost` SQL SECURITY DEFINER */
/*!50001 VIEW `информация о выступлении` AS select `v`.`IDperformance` AS `IDperformance`,`v`.`Date1` AS `Date_of_performance`,`v`.`Timestart` AS `Timestart`,`v`.`Timeend` AS `Timeend`,`v`.`performancetype` AS `performancetype`,`v`.`IDarea` AS `IDarea`,`p`.`name1` AS `Area`,`p`.`address` AS `address`,`pst`.`name4` AS `Name_of_Show` from ((`performance` `v` join `area` `p` on((`v`.`IDarea` = `p`.`idarea`))) join `show1` `pst` on((`pst`.`idshow` = `v`.`IDshow`))) */;
/*!50001 SET character_set_client      = @saved_cs_client */;
/*!50001 SET character_set_results     = @saved_cs_results */;
/*!50001 SET collation_connection      = @saved_col_connection */;

--
-- Final view structure for view `специализация артистов`
--

/*!50001 DROP VIEW IF EXISTS `специализация артистов`*/;
/*!50001 SET @saved_cs_client          = @@character_set_client */;
/*!50001 SET @saved_cs_results         = @@character_set_results */;
/*!50001 SET @saved_col_connection     = @@collation_connection */;
/*!50001 SET character_set_client      = utf8mb4 */;
/*!50001 SET character_set_results     = utf8mb4 */;
/*!50001 SET collation_connection      = utf8mb4_0900_ai_ci */;
/*!50001 CREATE ALGORITHM=UNDEFINED */
/*!50013 DEFINER=`root`@`localhost` SQL SECURITY DEFINER */
/*!50001 VIEW `специализация артистов` AS select `a`.`IDemployee` AS `IDemployee`,`a`.`Lastname` AS `LastName`,`a`.`Name2` AS `Name2`,`a`.`Middlename` AS `Middlename`,`s`.`Name_of_specialization` AS `specialization` from (`artists` `a` join `specialization` `s` on((`a`.`IDspecialization` = `s`.`idspecialization`))) */;
/*!50001 SET character_set_client      = @saved_cs_client */;
/*!50001 SET character_set_results     = @saved_cs_results */;
/*!50001 SET collation_connection      = @saved_col_connection */;

--
-- Final view structure for view `цена билета на постановку`
--

/*!50001 DROP VIEW IF EXISTS `цена билета на постановку`*/;
/*!50001 SET @saved_cs_client          = @@character_set_client */;
/*!50001 SET @saved_cs_results         = @@character_set_results */;
/*!50001 SET @saved_col_connection     = @@collation_connection */;
/*!50001 SET character_set_client      = utf8mb4 */;
/*!50001 SET character_set_results     = utf8mb4 */;
/*!50001 SET collation_connection      = utf8mb4_0900_ai_ci */;
/*!50001 CREATE ALGORITHM=UNDEFINED */
/*!50013 DEFINER=`root`@`localhost` SQL SECURITY DEFINER */
/*!50001 VIEW `цена билета на постановку` AS select `show1`.`name4` AS `Название_постановки`,`performance`.`IDperformance` AS `IDperformance`,`tickets`.`IDticket` AS `IDticket`,`tickets`.`price` AS `Цена` from ((`tickets` join `performance` on((`tickets`.`IDperformance` = `performance`.`IDperformance`))) join `show1` on((`show1`.`idshow` = `performance`.`IDshow`))) */;
/*!50001 SET character_set_client      = @saved_cs_client */;
/*!50001 SET character_set_results     = @saved_cs_results */;
/*!50001 SET collation_connection      = @saved_col_connection */;
/*!40103 SET TIME_ZONE=@OLD_TIME_ZONE */;

/*!40101 SET SQL_MODE=@OLD_SQL_MODE */;
/*!40014 SET FOREIGN_KEY_CHECKS=@OLD_FOREIGN_KEY_CHECKS */;
/*!40014 SET UNIQUE_CHECKS=@OLD_UNIQUE_CHECKS */;
/*!40101 SET CHARACTER_SET_CLIENT=@OLD_CHARACTER_SET_CLIENT */;
/*!40101 SET CHARACTER_SET_RESULTS=@OLD_CHARACTER_SET_RESULTS */;
/*!40101 SET COLLATION_CONNECTION=@OLD_COLLATION_CONNECTION */;
/*!40111 SET SQL_NOTES=@OLD_SQL_NOTES */;

-- Dump completed on 2023-05-25  8:05:17
